2025-12-07 06:07:03,255 - Knowledge - INFO - Created shared MongoDB connection pool
2025-12-07 06:07:03,607 - Knowledge - INFO - Starting Knowledge Graph processing with 20 threads
2025-12-07 06:07:03,802 - Knowledge - INFO - Initial configuration: chunk_size=65536, max_cache_size=500
2025-12-07 06:07:04,042 - Knowledge - INFO - Knowledge Graph concurrency configuration: workers=20, max_batch_size=25, max_concurrent_llm_calls=50
2025-12-07 06:07:05,619 - Knowledge - INFO - 🔍 _load_persisted_knowledge called - checking for Redis optimization
2025-12-07 06:07:05,836 - Knowledge - WARNING - ❌ load_from_redis method not found - Redis support not attached
2025-12-07 06:07:06,036 - Knowledge - INFO - load persisted knowledge: begin
2025-12-07 06:07:06,273 - Knowledge - INFO - Loaded 0 files from persisted knowledge
2025-12-07 06:07:06,442 - Knowledge - INFO - load persisted knowledge: end
2025-12-07 06:07:06,632 - Knowledge - WARNING - No persisted knowledge found. Files will be queued during start()
2025-12-07 06:07:06,845 - Knowledge - INFO - Redis support added with prefix knowledge:b4057o3:
2025-12-07 06:07:07,306 - Knowledge - INFO - Starting knowledge initialization for ID: 4g92km-b4057o3
2025-12-07 06:07:07,501 - Knowledge - INFO - 🔍 Checking Redis for build_id: b4057o3
2025-12-07 06:07:07,687 - Knowledge - INFO - 🔍 Full session ID: 4g92km-b4057o3
2025-12-07 06:07:07,887 - Knowledge - INFO - 🔍 Redis prefix will be: knowledge:b4057o3:
2025-12-07 06:07:08,089 - Knowledge - INFO - 🔍 Using attached load_from_redis() method
2025-12-07 06:07:08,306 - Knowledge - INFO - 🔍 Attempting to load knowledge from Redis...
2025-12-07 06:07:08,457 - Knowledge - INFO - 🔍 Using derived instance_id for Redis lookup: b4057o3
2025-12-07 06:07:08,652 - Knowledge - WARNING - ❌ No Redis cache found
2025-12-07 06:07:08,813 - Knowledge - INFO - 📁 Loading knowledge from disk...
2025-12-07 06:07:09,039 - Knowledge - INFO - load persisted docinfo: begin
2025-12-07 06:07:09,206 - Knowledge - INFO - load persisted docinfo: end
2025-12-07 06:07:09,410 - Knowledge - INFO - 🔍 _load_persisted_knowledge called - checking for Redis optimization
2025-12-07 06:07:09,640 - Knowledge - INFO - ✅ load_from_redis method found - attempting Redis load
2025-12-07 06:07:09,843 - Knowledge - INFO - 🔍 Attempting to load knowledge from Redis...
2025-12-07 06:07:10,006 - Knowledge - INFO - 🔍 Using derived instance_id for Redis lookup: b4057o3
2025-12-07 06:07:10,207 - Knowledge - WARNING - ❌ No Redis cache found
2025-12-07 06:07:10,429 - Knowledge - INFO - ❌ Redis load returned False - falling back to file loading
2025-12-07 06:07:10,621 - Knowledge - INFO - load persisted knowledge: begin
2025-12-07 06:07:10,816 - Knowledge - INFO - Loaded 0 files from persisted knowledge
2025-12-07 06:07:10,998 - Knowledge - INFO - load persisted knowledge: end
2025-12-07 06:07:11,227 - Knowledge - INFO - 📁 Disk load complete in 2.25s
2025-12-07 06:07:11,424 - Knowledge - INFO - Populating ingest queue with source files...
2025-12-07 06:07:11,845 - Knowledge - INFO - Added 393 files from /app/data/gemtektechnologycoltd2546/262/b4057o3/gtk-device-ui-sky-262 to ingest queue
2025-12-07 06:07:12,034 - Knowledge - INFO - Worker kw1 created using shared MongoDB connection pool
2025-12-07 06:07:12,191 - Knowledge - INFO - knowledge worker kw1 start
2025-12-07 06:07:12,192 - Knowledge - INFO - Worker kw2 created using shared MongoDB connection pool
2025-12-07 06:07:12,390 - Knowledge - INFO - [kw1] Queue=393, InProgress=0, PendingWorkers=0/1, Completed=0/393 (0.0%)
2025-12-07 06:07:12,483 - Knowledge - INFO - knowledge worker kw2 start
2025-12-07 06:07:12,483 - Knowledge - INFO - Worker kw3 created using shared MongoDB connection pool
2025-12-07 06:07:12,604 - Knowledge - INFO - Batch sizing: calculated=15, max_allowed=25, queue=393, active_workers=0/2
2025-12-07 06:07:12,698 - Knowledge - INFO - [kw2] Queue=393, InProgress=0, PendingWorkers=0/2, Completed=0/393 (0.0%)
2025-12-07 06:07:12,804 - Knowledge - INFO - knowledge worker kw3 start
2025-12-07 06:07:12,804 - Knowledge - INFO - Worker kw4 created using shared MongoDB connection pool
2025-12-07 06:07:12,936 - Knowledge - INFO - Worker kw1 processing /app/data/gemtektechnologycoltd2546/262/b4057o3/gtk-device-ui-sky-262/dialog/dialog-test.html
2025-12-07 06:07:13,059 - Knowledge - INFO - Batch sizing: calculated=15, max_allowed=25, queue=393, active_workers=1/3
2025-12-07 06:07:13,138 - Knowledge - INFO - [kw3] Queue=378, InProgress=0, PendingWorkers=1/3, Completed=0/393 (0.0%)
2025-12-07 06:07:13,257 - Knowledge - INFO - knowledge worker kw4 start
2025-12-07 06:07:13,258 - Knowledge - INFO - Worker kw5 created using shared MongoDB connection pool
2025-12-07 06:07:13,363 - Knowledge - INFO - Fast-tracked /app/data/gemtektechnologycoltd2546/262/b4057o3/gtk-device-ui-sky-262/dialog/dialog-test.html (ext=.html, size=12)
2025-12-07 06:07:13,440 - Knowledge - INFO - Worker kw2 processing /app/data/gemtektechnologycoltd2546/262/b4057o3/gtk-device-ui-sky-262/dialog/dialog-strt.html
2025-12-07 06:07:13,520 - Knowledge - INFO - Batch sizing: calculated=15, max_allowed=25, queue=378, active_workers=2/4
2025-12-07 06:07:13,640 - Knowledge - INFO - [kw4] Queue=363, InProgress=0, PendingWorkers=2/4, Completed=0/393 (0.0%)
2025-12-07 06:07:13,716 - Knowledge - INFO - knowledge worker kw5 start
2025-12-07 06:07:13,716 - Knowledge - INFO - Worker kw6 created using shared MongoDB connection pool
2025-12-07 06:07:13,818 - Knowledge - INFO - Worker kw1 processing /app/data/gemtektechnologycoltd2546/262/b4057o3/gtk-device-ui-sky-262/dialog/dialog-pc-dev-list.html
2025-12-07 06:07:13,931 - Knowledge - INFO - Fast-tracked /app/data/gemtektechnologycoltd2546/262/b4057o3/gtk-device-ui-sky-262/dialog/dialog-strt.html (ext=.html, size=1353)
2025-12-07 06:07:14,022 - Knowledge - INFO - Worker kw3 processing /app/data/gemtektechnologycoltd2546/262/b4057o3/gtk-device-ui-sky-262/pages/adv_setting/adv_setting-service_control.js
2025-12-07 06:07:14,103 - Knowledge - INFO - Batch sizing: calculated=15, max_allowed=25, queue=363, active_workers=3/5
2025-12-07 06:07:14,209 - Knowledge - INFO - [kw5] Queue=348, InProgress=0, PendingWorkers=3/5, Completed=0/393 (0.0%)
2025-12-07 06:07:14,311 - Knowledge - INFO - knowledge worker kw6 start
2025-12-07 06:07:14,312 - Knowledge - INFO - Worker kw7 created using shared MongoDB connection pool
2025-12-07 06:07:14,416 - Knowledge - INFO - Fast-tracked /app/data/gemtektechnologycoltd2546/262/b4057o3/gtk-device-ui-sky-262/dialog/dialog-pc-dev-list.html (ext=.html, size=1120)
2025-12-07 06:07:14,526 - Knowledge - INFO - Worker kw2 processing /app/data/gemtektechnologycoltd2546/262/b4057o3/gtk-device-ui-sky-262/dialog/dialog-opmode-error.html
2025-12-07 06:07:14,631 - Knowledge - INFO - Worker kw3 processing /app/data/gemtektechnologycoltd2546/262/b4057o3/gtk-device-ui-sky-262/pages/adv_setting/adv_setting-service_control.jsx
2025-12-07 06:07:14,722 - Knowledge - INFO - Worker kw4 processing /app/data/gemtektechnologycoltd2546/262/b4057o3/gtk-device-ui-sky-262/pages/status/status-wan.js
2025-12-07 06:07:14,833 - Knowledge - INFO - Batch sizing: calculated=15, max_allowed=25, queue=348, active_workers=4/6
2025-12-07 06:07:14,917 - Knowledge - INFO - [kw6] Queue=333, InProgress=0, PendingWorkers=4/6, Completed=0/393 (0.0%)
2025-12-07 06:07:14,990 - Knowledge - INFO - knowledge worker kw7 start
2025-12-07 06:07:14,990 - Knowledge - INFO - Worker kw8 created using shared MongoDB connection pool
2025-12-07 06:07:15,070 - Knowledge - INFO - Worker kw1 processing /app/data/gemtektechnologycoltd2546/262/b4057o3/gtk-device-ui-sky-262/dialog/dialog-pfr.html
2025-12-07 06:07:15,168 - Knowledge - INFO - Fast-tracked /app/data/gemtektechnologycoltd2546/262/b4057o3/gtk-device-ui-sky-262/dialog/dialog-opmode-error.html (ext=.html, size=175)
2025-12-07 06:07:15,244 - Knowledge - INFO - Fast-tracked /app/data/gemtektechnologycoltd2546/262/b4057o3/gtk-device-ui-sky-262/pages/adv_setting/adv_setting-service_control.jsx (ext=.jsx, size=132)
2025-12-07 06:07:15,321 - Knowledge - INFO - Worker kw4 processing /app/data/gemtektechnologycoltd2546/262/b4057o3/gtk-device-ui-sky-262/pages/status/status-wan.html
2025-12-07 06:07:15,394 - Knowledge - INFO - Worker kw5 processing /app/data/gemtektechnologycoltd2546/262/b4057o3/gtk-device-ui-sky-262/pages/status/status-lan.js
2025-12-07 06:07:15,515 - Knowledge - INFO - Batch sizing: calculated=15, max_allowed=25, queue=333, active_workers=5/7
2025-12-07 06:07:15,617 - Knowledge - INFO - [kw7] Queue=318, InProgress=0, PendingWorkers=5/7, Completed=0/393 (0.0%)
2025-12-07 06:07:15,719 - Knowledge - INFO - knowledge worker kw8 start
2025-12-07 06:07:15,719 - Knowledge - INFO - Worker kw9 created using shared MongoDB connection pool
2025-12-07 06:07:15,811 - Knowledge - INFO - Worker kw1 processing /app/data/gemtektechnologycoltd2546/262/b4057o3/gtk-device-ui-sky-262/dialog/dialog-usp-agent.html
2025-12-07 06:07:15,931 - Knowledge - INFO - Worker kw2 processing /app/data/gemtektechnologycoltd2546/262/b4057o3/gtk-device-ui-sky-262/dialog/dialog-meshmap.html
2025-12-07 06:07:16,050 - Knowledge - INFO - Worker kw3 processing /app/data/gemtektechnologycoltd2546/262/b4057o3/gtk-device-ui-sky-262/pages/adv_setting/adv_setting-service_control.html
2025-12-07 06:07:16,178 - Knowledge - INFO - Worker kw4 processing /app/data/gemtektechnologycoltd2546/262/b4057o3/gtk-device-ui-sky-262/pages/status/status-wan.jsx
2025-12-07 06:07:16,282 - Knowledge - INFO - Fast-tracked /app/data/gemtektechnologycoltd2546/262/b4057o3/gtk-device-ui-sky-262/pages/status/status-lan.js (ext=.js, size=1627)
2025-12-07 06:07:16,372 - Knowledge - INFO - Worker kw6 processing /app/data/gemtektechnologycoltd2546/262/b4057o3/gtk-device-ui-sky-262/pages/application/multicast/application-multicast-igmp.html
2025-12-07 06:07:16,485 - Knowledge - INFO - Batch sizing: calculated=15, max_allowed=25, queue=318, active_workers=6/8
2025-12-07 06:07:16,575 - Knowledge - INFO - [kw8] Queue=303, InProgress=0, PendingWorkers=6/8, Completed=0/393 (0.0%)
2025-12-07 06:07:16,656 - Knowledge - INFO - knowledge worker kw9 start
2025-12-07 06:07:16,656 - Knowledge - INFO - Worker kw10 created using shared MongoDB connection pool
2025-12-07 06:07:16,755 - Knowledge - INFO - Worker kw1 processing /app/data/gemtektechnologycoltd2546/262/b4057o3/gtk-device-ui-sky-262/dialog/dialog-pc-dev-rename.html
2025-12-07 06:07:16,842 - Knowledge - INFO - Fast-tracked /app/data/gemtektechnologycoltd2546/262/b4057o3/gtk-device-ui-sky-262/dialog/dialog-meshmap.html (ext=.html, size=488)
2025-12-07 06:07:16,933 - Knowledge - INFO - Worker kw3 processing /app/data/gemtektechnologycoltd2546/262/b4057o3/gtk-device-ui-sky-262/pages/adv_setting/adv_setting-qos.js
2025-12-07 06:07:17,024 - Knowledge - INFO - Fast-tracked /app/data/gemtektechnologycoltd2546/262/b4057o3/gtk-device-ui-sky-262/pages/status/status-wan.jsx (ext=.jsx, size=115)
2025-12-07 06:07:17,134 - Knowledge - INFO - Worker kw5 processing /app/data/gemtektechnologycoltd2546/262/b4057o3/gtk-device-ui-sky-262/pages/status/status-statistics.js
2025-12-07 06:07:17,231 - Knowledge - INFO - Worker kw6 processing /app/data/gemtektechnologycoltd2546/262/b4057o3/gtk-device-ui-sky-262/pages/application/multicast/application-multicast-igmp.jsx
2025-12-07 06:07:17,326 - Knowledge - INFO - Worker kw7 processing /app/data/gemtektechnologycoltd2546/262/b4057o3/gtk-device-ui-sky-262/pages/application/storage/application-storage-storage_account.html
2025-12-07 06:07:17,452 - Knowledge - INFO - Batch sizing: calculated=15, max_allowed=25, queue=303, active_workers=7/9
2025-12-07 06:07:17,550 - Knowledge - INFO - [kw9] Queue=288, InProgress=0, PendingWorkers=7/9, Completed=0/393 (0.0%)
2025-12-07 06:07:17,636 - Knowledge - INFO - knowledge worker kw10 start
2025-12-07 06:07:17,636 - Knowledge - INFO - Worker kw11 created using shared MongoDB connection pool
2025-12-07 06:07:17,754 - Knowledge - INFO - Fast-tracked /app/data/gemtektechnologycoltd2546/262/b4057o3/gtk-device-ui-sky-262/dialog/dialog-pc-dev-rename.html (ext=.html, size=1631)
2025-12-07 06:07:17,830 - Knowledge - INFO - Worker kw2 processing /app/data/gemtektechnologycoltd2546/262/b4057o3/gtk-device-ui-sky-262/dialog/dialog-pc-dev-password.html
2025-12-07 06:07:17,958 - Knowledge - INFO - Worker kw3 processing /app/data/gemtektechnologycoltd2546/262/b4057o3/gtk-device-ui-sky-262/pages/adv_setting/adv_setting-qos.jsx
2025-12-07 06:07:18,039 - Knowledge - INFO - Worker kw4 processing /app/data/gemtektechnologycoltd2546/262/b4057o3/gtk-device-ui-sky-262/pages/status/status-throughput.js
2025-12-07 06:07:18,147 - Knowledge - INFO - Fast-tracked /app/data/gemtektechnologycoltd2546/262/b4057o3/gtk-device-ui-sky-262/pages/status/status-statistics.js (ext=.js, size=1709)
2025-12-07 06:07:18,235 - Knowledge - INFO - Fast-tracked /app/data/gemtektechnologycoltd2546/262/b4057o3/gtk-device-ui-sky-262/pages/application/multicast/application-multicast-igmp.jsx (ext=.jsx, size=131)
2025-12-07 06:07:18,354 - Knowledge - INFO - Worker kw7 processing /app/data/gemtektechnologycoltd2546/262/b4057o3/gtk-device-ui-sky-262/pages/application/storage/application-storage-storage_account.jsx
2025-12-07 06:07:18,449 - Knowledge - INFO - Worker kw8 processing /app/data/gemtektechnologycoltd2546/262/b4057o3/gtk-device-ui-sky-262/pages/singlepage.html
2025-12-07 06:07:18,543 - Knowledge - INFO - Batch sizing: calculated=15, max_allowed=25, queue=288, active_workers=8/10
2025-12-07 06:07:18,652 - Knowledge - INFO - [kw10] Queue=273, InProgress=0, PendingWorkers=8/10, Completed=0/393 (0.0%)
2025-12-07 06:07:18,743 - Knowledge - INFO - knowledge worker kw11 start
2025-12-07 06:07:18,744 - Knowledge - INFO - Worker kw12 created using shared MongoDB connection pool
2025-12-07 06:07:18,857 - Knowledge - INFO - Worker kw1 processing /app/data/gemtektechnologycoltd2546/262/b4057o3/gtk-device-ui-sky-262/dialog/dialog-dhcp-reserved.html
2025-12-07 06:07:18,953 - Knowledge - INFO - Worker kw2 processing /app/data/gemtektechnologycoltd2546/262/b4057o3/gtk-device-ui-sky-262/dialog/dialog-wan-more-info.html
2025-12-07 06:07:19,055 - Knowledge - INFO - Fast-tracked /app/data/gemtektechnologycoltd2546/262/b4057o3/gtk-device-ui-sky-262/pages/adv_setting/adv_setting-qos.jsx (ext=.jsx, size=120)
2025-12-07 06:07:19,162 - Knowledge - INFO - Worker kw4 processing /app/data/gemtektechnologycoltd2546/262/b4057o3/gtk-device-ui-sky-262/pages/status/status-throughput.jsx
2025-12-07 06:07:19,270 - Knowledge - INFO - Worker kw5 processing /app/data/gemtektechnologycoltd2546/262/b4057o3/gtk-device-ui-sky-262/pages/status/status-ispLocking.jsx
2025-12-07 06:07:19,367 - Knowledge - INFO - Worker kw6 processing /app/data/gemtektechnologycoltd2546/262/b4057o3/gtk-device-ui-sky-262/pages/application/multicast/application-multicast-igmp.js
2025-12-07 06:07:19,461 - Knowledge - INFO - Fast-tracked /app/data/gemtektechnologycoltd2546/262/b4057o3/gtk-device-ui-sky-262/pages/application/storage/application-storage-storage_account.jsx (ext=.jsx, size=140)
2025-12-07 06:07:19,543 - Knowledge - INFO - Fast-tracked /app/data/gemtektechnologycoltd2546/262/b4057o3/gtk-device-ui-sky-262/pages/singlepage.html (ext=.html, size=937)
2025-12-07 06:07:19,640 - Knowledge - INFO - Worker kw9 processing /app/data/gemtektechnologycoltd2546/262/b4057o3/gtk-device-ui-sky-262/pages/wlan/wifi_indep6/wlan-wifi_indep6-configuration6.jsx
2025-12-07 06:07:19,721 - Knowledge - INFO - Batch sizing: calculated=15, max_allowed=25, queue=273, active_workers=9/11
2025-12-07 06:07:19,791 - Knowledge - INFO - [kw11] Queue=258, InProgress=0, PendingWorkers=9/11, Completed=0/393 (0.0%)
2025-12-07 06:07:19,862 - Knowledge - INFO - knowledge worker kw12 start
2025-12-07 06:07:19,862 - Knowledge - INFO - Worker kw13 created using shared MongoDB connection pool
2025-12-07 06:07:19,965 - Knowledge - INFO - Fast-tracked /app/data/gemtektechnologycoltd2546/262/b4057o3/gtk-device-ui-sky-262/dialog/dialog-dhcp-reserved.html (ext=.html, size=1337)
2025-12-07 06:07:20,083 - Knowledge - INFO - Worker kw2 processing /app/data/gemtektechnologycoltd2546/262/b4057o3/gtk-device-ui-sky-262/dialog/dialog-meshlog.html
2025-12-07 06:07:20,164 - Knowledge - INFO - Worker kw3 processing /app/data/gemtektechnologycoltd2546/262/b4057o3/gtk-device-ui-sky-262/pages/adv_setting/adv_setting-qos.html
2025-12-07 06:07:20,231 - Knowledge - INFO - Fast-tracked /app/data/gemtektechnologycoltd2546/262/b4057o3/gtk-device-ui-sky-262/pages/status/status-throughput.jsx (ext=.jsx, size=122)
2025-12-07 06:07:20,337 - Knowledge - INFO - Fast-tracked /app/data/gemtektechnologycoltd2546/262/b4057o3/gtk-device-ui-sky-262/pages/status/status-ispLocking.jsx (ext=.jsx, size=125)
2025-12-07 06:07:20,480 - Knowledge - INFO - Fast-tracked /app/data/gemtektechnologycoltd2546/262/b4057o3/gtk-device-ui-sky-262/pages/application/multicast/application-multicast-igmp.js (ext=.js, size=1901)
2025-12-07 06:07:20,600 - Knowledge - INFO - Worker kw7 processing /app/data/gemtektechnologycoltd2546/262/b4057o3/gtk-device-ui-sky-262/pages/application/storage/application-storage-storage_account.js
2025-12-07 06:07:20,685 - Knowledge - INFO - Worker kw8 processing /app/data/gemtektechnologycoltd2546/262/b4057o3/gtk-device-ui-sky-262/pages/tabspage.js
2025-12-07 06:07:20,760 - Knowledge - INFO - Fast-tracked /app/data/gemtektechnologycoltd2546/262/b4057o3/gtk-device-ui-sky-262/pages/wlan/wifi_indep6/wlan-wifi_indep6-configuration6.jsx (ext=.jsx, size=136)
2025-12-07 06:07:20,898 - Knowledge - INFO - Worker kw10 processing /app/data/gemtektechnologycoltd2546/262/b4057o3/gtk-device-ui-sky-262/pages/management/management-reboot.js
2025-12-07 06:07:21,002 - Knowledge - INFO - Batch sizing: calculated=15, max_allowed=25, queue=258, active_workers=10/12
2025-12-07 06:07:21,087 - Knowledge - INFO - [kw12] Queue=243, InProgress=0, PendingWorkers=10/12, Completed=0/393 (0.0%)
2025-12-07 06:07:21,171 - Knowledge - INFO - knowledge worker kw13 start
2025-12-07 06:07:21,171 - Knowledge - INFO - Worker kw14 created using shared MongoDB connection pool
2025-12-07 06:07:21,276 - Knowledge - INFO - Worker kw1 processing /app/data/gemtektechnologycoltd2546/262/b4057o3/gtk-device-ui-sky-262/dialog/dialog-meshtopology.html
2025-12-07 06:07:21,398 - Knowledge - INFO - Fast-tracked /app/data/gemtektechnologycoltd2546/262/b4057o3/gtk-device-ui-sky-262/dialog/dialog-meshlog.html (ext=.html, size=248)
2025-12-07 06:07:21,491 - Knowledge - INFO - Worker kw3 processing /app/data/gemtektechnologycoltd2546/262/b4057o3/gtk-device-ui-sky-262/pages/adv_setting/adv_setting-cwmp.js
2025-12-07 06:07:21,582 - Knowledge - INFO - Worker kw4 processing /app/data/gemtektechnologycoltd2546/262/b4057o3/gtk-device-ui-sky-262/pages/status/status-throughput.html
2025-12-07 06:07:21,666 - Knowledge - INFO - Worker kw5 processing /app/data/gemtektechnologycoltd2546/262/b4057o3/gtk-device-ui-sky-262/pages/status/status-ispLocking.html
2025-12-07 06:07:21,751 - Knowledge - INFO - Worker kw6 processing /app/data/gemtektechnologycoltd2546/262/b4057o3/gtk-device-ui-sky-262/pages/application/storage/application-storage-ftp.html
2025-12-07 06:07:21,857 - Knowledge - INFO - Worker kw7 processing /app/data/gemtektechnologycoltd2546/262/b4057o3/gtk-device-ui-sky-262/pages/application/application-ddns.js
2025-12-07 06:07:21,976 - Knowledge - INFO - Fast-tracked /app/data/gemtektechnologycoltd2546/262/b4057o3/gtk-device-ui-sky-262/pages/tabspage.js (ext=.js, size=191)
2025-12-07 06:07:22,098 - Knowledge - INFO - Worker kw9 processing /app/data/gemtektechnologycoltd2546/262/b4057o3/gtk-device-ui-sky-262/pages/wlan/wifi_indep6/wlan-wifi_indep6-configuration6.js
2025-12-07 06:07:22,233 - Knowledge - INFO - Worker kw10 processing /app/data/gemtektechnologycoltd2546/262/b4057o3/gtk-device-ui-sky-262/pages/management/management-reboot.html
2025-12-07 06:07:22,350 - Knowledge - INFO - Worker kw11 processing /app/data/gemtektechnologycoltd2546/262/b4057o3/gtk-device-ui-sky-262/pages/management/settings/management-settings-fw_upgrade.html
2025-12-07 06:07:22,440 - Knowledge - INFO - Batch sizing: calculated=15, max_allowed=25, queue=243, active_workers=11/13
2025-12-07 06:07:22,548 - Knowledge - INFO - [kw13] Queue=228, InProgress=0, PendingWorkers=11/13, Completed=0/393 (0.0%)
2025-12-07 06:07:22,648 - Knowledge - INFO - knowledge worker kw14 start
2025-12-07 06:07:22,648 - Knowledge - INFO - Worker kw15 created using shared MongoDB connection pool
2025-12-07 06:07:22,744 - Knowledge - INFO - Worker kw1 processing /app/data/gemtektechnologycoltd2546/262/b4057o3/gtk-device-ui-sky-262/dialog/dialog-wlan-ext-manual-conn.html
2025-12-07 06:07:22,830 - Knowledge - INFO - Worker kw2 processing /app/data/gemtektechnologycoltd2546/262/b4057o3/gtk-device-ui-sky-262/pages/adv_setting/adv_setting-telnet.html
2025-12-07 06:07:22,943 - Knowledge - INFO - Worker kw3 processing /app/data/gemtektechnologycoltd2546/262/b4057o3/gtk-device-ui-sky-262/pages/adv_setting/adv_setting-parental_control.js
2025-12-07 06:07:23,048 - Knowledge - INFO - Fast-tracked /app/data/gemtektechnologycoltd2546/262/b4057o3/gtk-device-ui-sky-262/pages/status/status-throughput.html (ext=.html, size=932)
2025-12-07 06:07:23,142 - Knowledge - INFO - Fast-tracked /app/data/gemtektechnologycoltd2546/262/b4057o3/gtk-device-ui-sky-262/pages/status/status-ispLocking.html (ext=.html, size=550)
2025-12-07 06:07:23,212 - Knowledge - INFO - Worker kw6 processing /app/data/gemtektechnologycoltd2546/262/b4057o3/gtk-device-ui-sky-262/pages/application/storage/application-storage-ftp.jsx
2025-12-07 06:07:23,300 - Knowledge - INFO - Worker kw7 processing /app/data/gemtektechnologycoltd2546/262/b4057o3/gtk-device-ui-sky-262/pages/application/application-speedtest.jsx
2025-12-07 06:07:23,421 - Knowledge - INFO - Worker kw8 processing /app/data/gemtektechnologycoltd2546/262/b4057o3/gtk-device-ui-sky-262/pages/wlan/wifi_indep2/wlan-wifi_indep2-ssid2.html
2025-12-07 06:07:23,501 - Knowledge - INFO - Worker kw9 processing /app/data/gemtektechnologycoltd2546/262/b4057o3/gtk-device-ui-sky-262/pages/wlan/wifi_indep5/wlan-wifi_indep5-ssid5.js
2025-12-07 06:07:23,593 - Knowledge - INFO - Worker kw10 processing /app/data/gemtektechnologycoltd2546/262/b4057o3/gtk-device-ui-sky-262/pages/management/management-reboot.jsx
2025-12-07 06:07:23,690 - Knowledge - INFO - Worker kw11 processing /app/data/gemtektechnologycoltd2546/262/b4057o3/gtk-device-ui-sky-262/pages/management/settings/management-settings-fw_upgrade.jsx
2025-12-07 06:07:23,790 - Knowledge - INFO - Worker kw12 processing /app/data/gemtektechnologycoltd2546/262/b4057o3/gtk-device-ui-sky-262/pages/management/tools/management-tools-remotecapture.js
2025-12-07 06:07:23,870 - Knowledge - INFO - Batch sizing: calculated=15, max_allowed=25, queue=228, active_workers=12/14
2025-12-07 06:07:23,962 - Knowledge - INFO - [kw14] Queue=213, InProgress=0, PendingWorkers=12/14, Completed=0/393 (0.0%)
2025-12-07 06:07:24,060 - Knowledge - INFO - knowledge worker kw15 start
2025-12-07 06:07:24,060 - Knowledge - INFO - Worker kw16 created using shared MongoDB connection pool
2025-12-07 06:07:24,175 - Knowledge - INFO - Fast-tracked /app/data/gemtektechnologycoltd2546/262/b4057o3/gtk-device-ui-sky-262/dialog/dialog-wlan-ext-manual-conn.html (ext=.html, size=1355)
2025-12-07 06:07:24,256 - Knowledge - INFO - Fast-tracked /app/data/gemtektechnologycoltd2546/262/b4057o3/gtk-device-ui-sky-262/pages/adv_setting/adv_setting-telnet.html (ext=.html, size=1626)
2025-12-07 06:07:24,356 - Knowledge - INFO - Worker kw3 processing /app/data/gemtektechnologycoltd2546/262/b4057o3/gtk-device-ui-sky-262/pages/adv_setting/adv_setting-parental_control.html
2025-12-07 06:07:24,474 - Knowledge - INFO - Worker kw4 processing /app/data/gemtektechnologycoltd2546/262/b4057o3/gtk-device-ui-sky-262/pages/status/status-wifiNeighbor.jsx
2025-12-07 06:07:24,566 - Knowledge - INFO - Worker kw5 processing /app/data/gemtektechnologycoltd2546/262/b4057o3/gtk-device-ui-sky-262/pages/status/status-lan.jsx
2025-12-07 06:07:24,666 - Knowledge - INFO - Fast-tracked /app/data/gemtektechnologycoltd2546/262/b4057o3/gtk-device-ui-sky-262/pages/application/storage/application-storage-ftp.jsx (ext=.jsx, size=128)
2025-12-07 06:07:24,741 - Knowledge - INFO - Fast-tracked /app/data/gemtektechnologycoltd2546/262/b4057o3/gtk-device-ui-sky-262/pages/application/application-speedtest.jsx (ext=.jsx, size=126)
2025-12-07 06:07:24,810 - Knowledge - INFO - Fast-tracked /app/data/gemtektechnologycoltd2546/262/b4057o3/gtk-device-ui-sky-262/pages/wlan/wifi_indep2/wlan-wifi_indep2-ssid2.html (ext=.html, size=1374)
2025-12-07 06:07:24,934 - Knowledge - INFO - Worker kw9 processing /app/data/gemtektechnologycoltd2546/262/b4057o3/gtk-device-ui-sky-262/pages/wlan/wifi_indep5/wlan-wifi_indep5-ssid5.html
2025-12-07 06:07:25,012 - Knowledge - INFO - Fast-tracked /app/data/gemtektechnologycoltd2546/262/b4057o3/gtk-device-ui-sky-262/pages/management/management-reboot.jsx (ext=.jsx, size=122)
2025-12-07 06:07:25,130 - Knowledge - INFO - Fast-tracked /app/data/gemtektechnologycoltd2546/262/b4057o3/gtk-device-ui-sky-262/pages/management/settings/management-settings-fw_upgrade.jsx (ext=.jsx, size=135)
2025-12-07 06:07:25,212 - Knowledge - INFO - Worker kw12 processing /app/data/gemtektechnologycoltd2546/262/b4057o3/gtk-device-ui-sky-262/pages/management/tools/management-tools-remotecapture.jsx
2025-12-07 06:07:25,309 - Knowledge - INFO - Worker kw13 processing /app/data/gemtektechnologycoltd2546/262/b4057o3/gtk-device-ui-sky-262/pages/basic_setting/seciruty/basic_setting-seciruty-ipfilter.jsx
2025-12-07 06:07:25,433 - Knowledge - INFO - Batch sizing: calculated=15, max_allowed=25, queue=213, active_workers=13/15
2025-12-07 06:07:25,528 - Knowledge - INFO - [kw15] Queue=198, InProgress=0, PendingWorkers=13/15, Completed=0/393 (0.0%)
2025-12-07 06:07:25,613 - Knowledge - INFO - knowledge worker kw16 start
2025-12-07 06:07:25,613 - Knowledge - INFO - Worker kw17 created using shared MongoDB connection pool
2025-12-07 06:07:25,725 - Knowledge - INFO - Worker kw1 processing /app/data/gemtektechnologycoltd2546/262/b4057o3/gtk-device-ui-sky-262/dialog/dialog-acl-add.html
2025-12-07 06:07:25,822 - Knowledge - INFO - Worker kw2 processing /app/data/gemtektechnologycoltd2546/262/b4057o3/gtk-device-ui-sky-262/pages/adv_setting/adv_setting-telnet.jsx
2025-12-07 06:07:25,903 - Knowledge - INFO - Worker kw3 processing /app/data/gemtektechnologycoltd2546/262/b4057o3/gtk-device-ui-sky-262/pages/adv_setting/adv_setting-cwmp.html
2025-12-07 06:07:25,999 - Knowledge - INFO - Fast-tracked /app/data/gemtektechnologycoltd2546/262/b4057o3/gtk-device-ui-sky-262/pages/status/status-wifiNeighbor.jsx (ext=.jsx, size=124)
2025-12-07 06:07:26,121 - Knowledge - INFO - Fast-tracked /app/data/gemtektechnologycoltd2546/262/b4057o3/gtk-device-ui-sky-262/pages/status/status-lan.jsx (ext=.jsx, size=115)
2025-12-07 06:07:26,205 - Knowledge - INFO - Worker kw6 processing /app/data/gemtektechnologycoltd2546/262/b4057o3/gtk-device-ui-sky-262/pages/application/storage/application-storage-ftp.js
2025-12-07 06:07:26,290 - Knowledge - INFO - Worker kw7 processing /app/data/gemtektechnologycoltd2546/262/b4057o3/gtk-device-ui-sky-262/pages/application/application-speedtest.html
2025-12-07 06:07:26,378 - Knowledge - INFO - Worker kw8 processing /app/data/gemtektechnologycoltd2546/262/b4057o3/gtk-device-ui-sky-262/pages/wlan/wifi_indep2/wlan-wifi_indep2-ssid2.jsx
2025-12-07 06:07:26,484 - Knowledge - INFO - Fast-tracked /app/data/gemtektechnologycoltd2546/262/b4057o3/gtk-device-ui-sky-262/pages/wlan/wifi_indep5/wlan-wifi_indep5-ssid5.html (ext=.html, size=1355)
2025-12-07 06:07:26,585 - Knowledge - INFO - Worker kw10 processing /app/data/gemtektechnologycoltd2546/262/b4057o3/gtk-device-ui-sky-262/pages/management/management-account.js
2025-12-07 06:07:26,656 - Knowledge - INFO - Worker kw11 processing /app/data/gemtektechnologycoltd2546/262/b4057o3/gtk-device-ui-sky-262/pages/management/settings/management-settings-multi_lang.js
2025-12-07 06:07:26,734 - Knowledge - INFO - Fast-tracked /app/data/gemtektechnologycoltd2546/262/b4057o3/gtk-device-ui-sky-262/pages/management/tools/management-tools-remotecapture.jsx (ext=.jsx, size=138)
2025-12-07 06:07:26,856 - Knowledge - INFO - Fast-tracked /app/data/gemtektechnologycoltd2546/262/b4057o3/gtk-device-ui-sky-262/pages/basic_setting/seciruty/basic_setting-seciruty-ipfilter.jsx (ext=.jsx, size=136)
2025-12-07 06:07:26,967 - Knowledge - INFO - Worker kw14 processing /app/data/gemtektechnologycoltd2546/262/b4057o3/gtk-device-ui-sky-262/pages/basic_setting/wlan/basic_setting-wlan-wifi_adv5.js
2025-12-07 06:07:27,062 - Knowledge - INFO - Batch sizing: calculated=12, max_allowed=25, queue=198, active_workers=14/16
2025-12-07 06:07:27,140 - Knowledge - INFO - [kw16] Queue=183, InProgress=0, PendingWorkers=14/16, Completed=0/393 (0.0%)
2025-12-07 06:07:27,242 - Knowledge - INFO - knowledge worker kw17 start
2025-12-07 06:07:27,242 - Knowledge - INFO - Worker kw18 created using shared MongoDB connection pool
2025-12-07 06:07:27,352 - Knowledge - INFO - Fast-tracked /app/data/gemtektechnologycoltd2546/262/b4057o3/gtk-device-ui-sky-262/dialog/dialog-acl-add.html (ext=.html, size=1561)
2025-12-07 06:07:27,442 - Knowledge - INFO - Fast-tracked /app/data/gemtektechnologycoltd2546/262/b4057o3/gtk-device-ui-sky-262/pages/adv_setting/adv_setting-telnet.jsx (ext=.jsx, size=123)
2025-12-07 06:07:27,555 - Knowledge - INFO - Worker kw3 processing /app/data/gemtektechnologycoltd2546/262/b4057o3/gtk-device-ui-sky-262/pages/adv_setting/adv_setting-parental_control.jsx
2025-12-07 06:07:27,637 - Knowledge - INFO - Worker kw4 processing /app/data/gemtektechnologycoltd2546/262/b4057o3/gtk-device-ui-sky-262/pages/status/status-wifiNeighbor.html
2025-12-07 06:07:27,746 - Knowledge - INFO - Worker kw5 processing /app/data/gemtektechnologycoltd2546/262/b4057o3/gtk-device-ui-sky-262/pages/status/status-ispLocking.js
2025-12-07 06:07:27,829 - Knowledge - INFO - Worker kw6 processing /app/data/gemtektechnologycoltd2546/262/b4057o3/gtk-device-ui-sky-262/pages/application/storage/application-storage-share_floder.html
2025-12-07 06:07:27,944 - Knowledge - INFO - Fast-tracked /app/data/gemtektechnologycoltd2546/262/b4057o3/gtk-device-ui-sky-262/pages/application/application-speedtest.html (ext=.html, size=390)
2025-12-07 06:07:28,012 - Knowledge - INFO - Fast-tracked /app/data/gemtektechnologycoltd2546/262/b4057o3/gtk-device-ui-sky-262/pages/wlan/wifi_indep2/wlan-wifi_indep2-ssid2.jsx (ext=.jsx, size=127)
2025-12-07 06:07:28,102 - Knowledge - INFO - Worker kw9 processing /app/data/gemtektechnologycoltd2546/262/b4057o3/gtk-device-ui-sky-262/pages/wlan/wifi_indep5/wlan-wifi_indep5-ssid5.jsx
2025-12-07 06:07:28,194 - Knowledge - INFO - Worker kw10 processing /app/data/gemtektechnologycoltd2546/262/b4057o3/gtk-device-ui-sky-262/pages/management/management-account.jsx
2025-12-07 06:07:28,305 - Knowledge - INFO - Worker kw11 processing /app/data/gemtektechnologycoltd2546/262/b4057o3/gtk-device-ui-sky-262/pages/management/tools/management-tools-inform_ctrl.js
2025-12-07 06:07:28,424 - Knowledge - INFO - Worker kw12 processing /app/data/gemtektechnologycoltd2546/262/b4057o3/gtk-device-ui-sky-262/pages/management/tools/management-tools-remotecapture.html
2025-12-07 06:07:28,515 - Knowledge - INFO - Worker kw13 processing /app/data/gemtektechnologycoltd2546/262/b4057o3/gtk-device-ui-sky-262/pages/basic_setting/seciruty/basic_setting-seciruty-ipfilter.js
2025-12-07 06:07:28,605 - Knowledge - INFO - Worker kw14 processing /app/data/gemtektechnologycoltd2546/262/b4057o3/gtk-device-ui-sky-262/pages/basic_setting/wlan/basic_setting-wlan-wifi_guest.html
2025-12-07 06:07:28,692 - Knowledge - INFO - Worker kw15 processing /app/data/gemtektechnologycoltd2546/262/b4057o3/gtk-device-ui-sky-262/pages/basic_setting/wlan/basic_setting-wlan-mesh2.html
2025-12-07 06:07:28,770 - Knowledge - INFO - Batch sizing: calculated=12, max_allowed=25, queue=183, active_workers=15/17
2025-12-07 06:07:28,861 - Knowledge - INFO - [kw17] Queue=171, InProgress=0, PendingWorkers=15/17, Completed=0/393 (0.0%)
2025-12-07 06:07:28,952 - Knowledge - INFO - knowledge worker kw18 start
2025-12-07 06:07:28,952 - Knowledge - INFO - Worker kw19 created using shared MongoDB connection pool
2025-12-07 06:07:29,039 - Knowledge - INFO - Worker kw1 processing /app/data/gemtektechnologycoltd2546/262/b4057o3/gtk-device-ui-sky-262/dialog/dialog-pc-dev-auth.html
2025-12-07 06:07:29,115 - Knowledge - INFO - Worker kw2 processing /app/data/gemtektechnologycoltd2546/262/b4057o3/gtk-device-ui-sky-262/pages/adv_setting/adv_setting-telnet.js
2025-12-07 06:07:29,207 - Knowledge - INFO - Fast-tracked /app/data/gemtektechnologycoltd2546/262/b4057o3/gtk-device-ui-sky-262/pages/adv_setting/adv_setting-parental_control.jsx (ext=.jsx, size=133)
2025-12-07 06:07:29,307 - Knowledge - INFO - Worker kw4 processing /app/data/gemtektechnologycoltd2546/262/b4057o3/gtk-device-ui-sky-262/pages/status/status-wifiNeighbor.js
2025-12-07 06:07:29,415 - Knowledge - INFO - Fast-tracked /app/data/gemtektechnologycoltd2546/262/b4057o3/gtk-device-ui-sky-262/pages/status/status-ispLocking.js (ext=.js, size=526)
2025-12-07 06:07:29,486 - Knowledge - INFO - Worker kw6 processing /app/data/gemtektechnologycoltd2546/262/b4057o3/gtk-device-ui-sky-262/pages/application/storage/application-storage-share_floder.jsx
2025-12-07 06:07:29,589 - Knowledge - INFO - Worker kw7 processing /app/data/gemtektechnologycoltd2546/262/b4057o3/gtk-device-ui-sky-262/pages/application/application-speedtest.js
2025-12-07 06:07:29,704 - Knowledge - INFO - Worker kw8 processing /app/data/gemtektechnologycoltd2546/262/b4057o3/gtk-device-ui-sky-262/pages/wlan/wifi_indep2/wlan-wifi_indep2-ssid2.js
2025-12-07 06:07:29,793 - Knowledge - INFO - Fast-tracked /app/data/gemtektechnologycoltd2546/262/b4057o3/gtk-device-ui-sky-262/pages/wlan/wifi_indep5/wlan-wifi_indep5-ssid5.jsx (ext=.jsx, size=127)
2025-12-07 06:07:29,898 - Knowledge - INFO - Fast-tracked /app/data/gemtektechnologycoltd2546/262/b4057o3/gtk-device-ui-sky-262/pages/management/management-account.jsx (ext=.jsx, size=123)
2025-12-07 06:07:29,975 - Knowledge - INFO - Worker kw11 processing /app/data/gemtektechnologycoltd2546/262/b4057o3/gtk-device-ui-sky-262/pages/management/tools/management-tools-inform_ctrl.jsx
2025-12-07 06:07:30,054 - Knowledge - INFO - Worker kw12 processing /app/data/gemtektechnologycoltd2546/262/b4057o3/gtk-device-ui-sky-262/pages/management/management-opmode.jsx
2025-12-07 06:07:30,173 - Knowledge - INFO - Worker kw13 processing /app/data/gemtektechnologycoltd2546/262/b4057o3/gtk-device-ui-sky-262/pages/basic_setting/seciruty/basic_setting-seciruty-macfilter.html
2025-12-07 06:07:30,258 - Knowledge - INFO - Worker kw14 processing /app/data/gemtektechnologycoltd2546/262/b4057o3/gtk-device-ui-sky-262/pages/basic_setting/wlan/basic_setting-wlan-wifi_guest.js
2025-12-07 06:07:30,350 - Knowledge - INFO - Worker kw15 processing /app/data/gemtektechnologycoltd2546/262/b4057o3/gtk-device-ui-sky-262/pages/basic_setting/wlan/basic_setting-wlan-wifi_basic5.html
2025-12-07 06:07:30,458 - Knowledge - INFO - Worker kw16 processing /app/data/gemtektechnologycoltd2546/262/b4057o3/gtk-device-ui-sky-262/pages/basic_setting/wlan/basic_setting-wlan-wifi_chs5.js
2025-12-07 06:07:30,581 - Knowledge - INFO - Batch sizing: calculated=12, max_allowed=25, queue=171, active_workers=16/18
2025-12-07 06:07:30,678 - Knowledge - INFO - [kw18] Queue=159, InProgress=0, PendingWorkers=16/18, Completed=0/393 (0.0%)
2025-12-07 06:07:30,759 - Knowledge - INFO - knowledge worker kw19 start
2025-12-07 06:07:30,759 - Knowledge - INFO - Worker kw20 created using shared MongoDB connection pool
2025-12-07 06:07:30,874 - Knowledge - INFO - Fast-tracked /app/data/gemtektechnologycoltd2546/262/b4057o3/gtk-device-ui-sky-262/dialog/dialog-pc-dev-auth.html (ext=.html, size=1825)
2025-12-07 06:07:30,970 - Knowledge - INFO - Worker kw2 processing /app/data/gemtektechnologycoltd2546/262/b4057o3/gtk-device-ui-sky-262/pages/adv_setting/adv_setting-ssh.jsx
2025-12-07 06:07:31,050 - Knowledge - INFO - Worker kw3 processing /app/data/gemtektechnologycoltd2546/262/b4057o3/gtk-device-ui-sky-262/pages/adv_setting/adv_setting-cwmp.jsx
2025-12-07 06:07:31,125 - Knowledge - INFO - Worker kw4 processing /app/data/gemtektechnologycoltd2546/262/b4057o3/gtk-device-ui-sky-262/pages/status/status-dualImage.js
2025-12-07 06:07:31,197 - Knowledge - INFO - Worker kw5 processing /app/data/gemtektechnologycoltd2546/262/b4057o3/gtk-device-ui-sky-262/pages/status/status-lan.html
2025-12-07 06:07:31,317 - Knowledge - INFO - Fast-tracked /app/data/gemtektechnologycoltd2546/262/b4057o3/gtk-device-ui-sky-262/pages/application/storage/application-storage-share_floder.jsx (ext=.jsx, size=137)
2025-12-07 06:07:31,418 - Knowledge - INFO - Fast-tracked /app/data/gemtektechnologycoltd2546/262/b4057o3/gtk-device-ui-sky-262/pages/application/application-speedtest.js (ext=.js, size=530)
2025-12-07 06:07:31,550 - Knowledge - INFO - Worker kw8 processing /app/data/gemtektechnologycoltd2546/262/b4057o3/gtk-device-ui-sky-262/pages/wlan/wifi_indep2/wlan-wifi_indep2-configuration2.js
2025-12-07 06:07:31,667 - Knowledge - INFO - Worker kw9 processing /app/data/gemtektechnologycoltd2546/262/b4057o3/gtk-device-ui-sky-262/pages/wlan/wifi_indep5/wlan-wifi_indep5-configuration5.js
2025-12-07 06:07:31,767 - Knowledge - INFO - Worker kw10 processing /app/data/gemtektechnologycoltd2546/262/b4057o3/gtk-device-ui-sky-262/pages/management/management-account.html
2025-12-07 06:07:31,862 - Knowledge - INFO - Fast-tracked /app/data/gemtektechnologycoltd2546/262/b4057o3/gtk-device-ui-sky-262/pages/management/tools/management-tools-inform_ctrl.jsx (ext=.jsx, size=133)
2025-12-07 06:07:31,955 - Knowledge - INFO - Fast-tracked /app/data/gemtektechnologycoltd2546/262/b4057o3/gtk-device-ui-sky-262/pages/management/management-opmode.jsx (ext=.jsx, size=122)
2025-12-07 06:07:32,034 - Knowledge - INFO - Worker kw13 processing /app/data/gemtektechnologycoltd2546/262/b4057o3/gtk-device-ui-sky-262/pages/basic_setting/seciruty/basic_setting-seciruty-macfilter.jsx
2025-12-07 06:07:32,175 - Knowledge - INFO - Worker kw14 processing /app/data/gemtektechnologycoltd2546/262/b4057o3/gtk-device-ui-sky-262/pages/basic_setting/wlan/basic_setting-wlan-wifi_adv5.jsx
2025-12-07 06:07:32,256 - Knowledge - INFO - Worker kw15 processing /app/data/gemtektechnologycoltd2546/262/b4057o3/gtk-device-ui-sky-262/pages/basic_setting/wlan/basic_setting-wlan-wireless_connection.js
2025-12-07 06:07:32,355 - Knowledge - INFO - Worker kw16 processing /app/data/gemtektechnologycoltd2546/262/b4057o3/gtk-device-ui-sky-262/pages/basic_setting/wlan/basic_setting-wlan-wifi_basic_allinone.html
2025-12-07 06:07:32,433 - Knowledge - INFO - Worker kw17 processing /app/data/gemtektechnologycoltd2546/262/b4057o3/gtk-device-ui-sky-262/pages/basic_setting/wan/basic_setting-wan-port.js
2025-12-07 06:07:32,529 - Knowledge - INFO - Batch sizing: calculated=12, max_allowed=25, queue=159, active_workers=17/19
2025-12-07 06:07:32,629 - Knowledge - INFO - [kw19] Queue=147, InProgress=0, PendingWorkers=17/19, Completed=0/393 (0.0%)
2025-12-07 06:07:32,728 - Knowledge - INFO - knowledge worker kw20 start
2025-12-07 06:07:32,822 - Knowledge - INFO - Worker kw1 processing /app/data/gemtektechnologycoltd2546/262/b4057o3/gtk-device-ui-sky-262/dialog/dialog-quicksetup.html
2025-12-07 06:07:32,911 - Knowledge - INFO - Fast-tracked /app/data/gemtektechnologycoltd2546/262/b4057o3/gtk-device-ui-sky-262/pages/adv_setting/adv_setting-ssh.jsx (ext=.jsx, size=120)
2025-12-07 06:07:33,025 - Knowledge - INFO - Fast-tracked /app/data/gemtektechnologycoltd2546/262/b4057o3/gtk-device-ui-sky-262/pages/adv_setting/adv_setting-cwmp.jsx (ext=.jsx, size=121)
2025-12-07 06:07:33,137 - Knowledge - INFO - Fast-tracked /app/data/gemtektechnologycoltd2546/262/b4057o3/gtk-device-ui-sky-262/pages/status/status-dualImage.js (ext=.js, size=907)
2025-12-07 06:07:33,268 - Knowledge - INFO - Fast-tracked /app/data/gemtektechnologycoltd2546/262/b4057o3/gtk-device-ui-sky-262/pages/status/status-lan.html (ext=.html, size=1465)
2025-12-07 06:07:33,365 - Knowledge - INFO - Worker kw6 processing /app/data/gemtektechnologycoltd2546/262/b4057o3/gtk-device-ui-sky-262/pages/application/storage/application-storage-share_floder.js
2025-12-07 06:07:33,463 - Knowledge - INFO - Worker kw7 processing /app/data/gemtektechnologycoltd2546/262/b4057o3/gtk-device-ui-sky-262/pages/application/application-ddns.html
2025-12-07 06:07:33,539 - Knowledge - INFO - Worker kw8 processing /app/data/gemtektechnologycoltd2546/262/b4057o3/gtk-device-ui-sky-262/pages/wlan/wifi_indep2/wlan-wifi_indep2-configuration2.jsx
2025-12-07 06:07:33,655 - Knowledge - INFO - Worker kw9 processing /app/data/gemtektechnologycoltd2546/262/b4057o3/gtk-device-ui-sky-262/pages/wlan/wifi_indep5/wlan-wifi_indep5-configuration5.html
2025-12-07 06:07:33,734 - Knowledge - INFO - Worker kw10 processing /app/data/gemtektechnologycoltd2546/262/b4057o3/gtk-device-ui-sky-262/pages/management/settings/management-settings-reset_dafault.js
2025-12-07 06:07:33,834 - Knowledge - INFO - Worker kw11 processing /app/data/gemtektechnologycoltd2546/262/b4057o3/gtk-device-ui-sky-262/pages/management/tools/management-tools-inform_ctrl.html
2025-12-07 06:07:33,954 - Knowledge - INFO - Worker kw12 processing /app/data/gemtektechnologycoltd2546/262/b4057o3/gtk-device-ui-sky-262/pages/management/management-opmode.html
2025-12-07 06:07:34,034 - Knowledge - INFO - Fast-tracked /app/data/gemtektechnologycoltd2546/262/b4057o3/gtk-device-ui-sky-262/pages/basic_setting/seciruty/basic_setting-seciruty-macfilter.jsx (ext=.jsx, size=137)
2025-12-07 06:07:34,157 - Knowledge - INFO - Fast-tracked /app/data/gemtektechnologycoltd2546/262/b4057o3/gtk-device-ui-sky-262/pages/basic_setting/wlan/basic_setting-wlan-wifi_adv5.jsx (ext=.jsx, size=133)
2025-12-07 06:07:34,302 - Knowledge - INFO - Worker kw15 processing /app/data/gemtektechnologycoltd2546/262/b4057o3/gtk-device-ui-sky-262/pages/basic_setting/wlan/basic_setting-wlan-wifi_basic5.jsx
2025-12-07 06:07:34,395 - Knowledge - INFO - Worker kw16 processing /app/data/gemtektechnologycoltd2546/262/b4057o3/gtk-device-ui-sky-262/pages/basic_setting/wlan/basic_setting-wlan-mpt.jsx
2025-12-07 06:07:34,515 - Knowledge - INFO - Worker kw17 processing /app/data/gemtektechnologycoltd2546/262/b4057o3/gtk-device-ui-sky-262/pages/basic_setting/basic_setting-wan-single_wan.js
2025-12-07 06:07:34,629 - Knowledge - INFO - Worker kw18 processing /app/data/gemtektechnologycoltd2546/262/b4057o3/gtk-device-ui-sky-262/pages/basic_setting/nat/basic_setting-nat-portforward.html
2025-12-07 06:07:34,736 - Knowledge - INFO - Batch sizing: calculated=12, max_allowed=25, queue=147, active_workers=18/20
2025-12-07 06:07:34,824 - Knowledge - INFO - [kw20] Queue=135, InProgress=0, PendingWorkers=18/20, Completed=0/393 (0.0%)
2025-12-07 06:07:34,917 - Knowledge - INFO - Worker kw1 processing /app/data/gemtektechnologycoltd2546/262/b4057o3/gtk-device-ui-sky-262/dialog/dialog-qos-add.html
2025-12-07 06:07:35,004 - Knowledge - INFO - Worker kw2 processing /app/data/gemtektechnologycoltd2546/262/b4057o3/gtk-device-ui-sky-262/pages/adv_setting/adv_setting-usp_agent.js
2025-12-07 06:07:35,117 - Knowledge - INFO - Worker kw3 processing /app/data/gemtektechnologycoltd2546/262/b4057o3/gtk-device-ui-sky-262/pages/status/status-wifiMesh.jsx
2025-12-07 06:07:35,230 - Knowledge - INFO - Worker kw4 processing /app/data/gemtektechnologycoltd2546/262/b4057o3/gtk-device-ui-sky-262/pages/status/status-dualImage.jsx
2025-12-07 06:07:35,308 - Knowledge - INFO - Worker kw5 processing /app/data/gemtektechnologycoltd2546/262/b4057o3/gtk-device-ui-sky-262/pages/status/status-statistics.html
2025-12-07 06:07:35,412 - Knowledge - INFO - Worker kw6 processing /app/data/gemtektechnologycoltd2546/262/b4057o3/gtk-device-ui-sky-262/pages/application/storage/application-storage-samba.js
2025-12-07 06:07:35,491 - Knowledge - INFO - Worker kw7 processing /app/data/gemtektechnologycoltd2546/262/b4057o3/gtk-device-ui-sky-262/pages/application/application-ddns.jsx
2025-12-07 06:07:35,602 - Knowledge - INFO - Fast-tracked /app/data/gemtektechnologycoltd2546/262/b4057o3/gtk-device-ui-sky-262/pages/wlan/wifi_indep2/wlan-wifi_indep2-configuration2.jsx (ext=.jsx, size=136)
2025-12-07 06:07:35,704 - Knowledge - INFO - Worker kw9 processing /app/data/gemtektechnologycoltd2546/262/b4057o3/gtk-device-ui-sky-262/pages/wlan/wifi_indep5/wlan-wifi_indep5-configuration5.jsx
2025-12-07 06:07:35,821 - Knowledge - INFO - Fast-tracked /app/data/gemtektechnologycoltd2546/262/b4057o3/gtk-device-ui-sky-262/pages/management/settings/management-settings-reset_dafault.js (ext=.js, size=1993)
2025-12-07 06:07:35,932 - Knowledge - INFO - Worker kw11 processing /app/data/gemtektechnologycoltd2546/262/b4057o3/gtk-device-ui-sky-262/pages/management/tools/management-tools-nslookup.html
2025-12-07 06:07:36,008 - Knowledge - INFO - Worker kw12 processing /app/data/gemtektechnologycoltd2546/262/b4057o3/gtk-device-ui-sky-262/pages/management/management-remote.js
2025-12-07 06:07:36,085 - Knowledge - INFO - Worker kw13 processing /app/data/gemtektechnologycoltd2546/262/b4057o3/gtk-device-ui-sky-262/pages/basic_setting/wlan/basic_setting-wlan-wifi_basic2.jsx
2025-12-07 06:07:36,157 - Knowledge - INFO - Worker kw14 processing /app/data/gemtektechnologycoltd2546/262/b4057o3/gtk-device-ui-sky-262/pages/basic_setting/wlan/basic_setting-wlan-wifi_chs2.html
2025-12-07 06:07:36,233 - Knowledge - INFO - Fast-tracked /app/data/gemtektechnologycoltd2546/262/b4057o3/gtk-device-ui-sky-262/pages/basic_setting/wlan/basic_setting-wlan-wifi_basic5.jsx (ext=.jsx, size=135)
2025-12-07 06:07:36,323 - Knowledge - INFO - Fast-tracked /app/data/gemtektechnologycoltd2546/262/b4057o3/gtk-device-ui-sky-262/pages/basic_setting/wlan/basic_setting-wlan-mpt.jsx (ext=.jsx, size=128)
2025-12-07 06:07:36,421 - Knowledge - INFO - Worker kw17 processing /app/data/gemtektechnologycoltd2546/262/b4057o3/gtk-device-ui-sky-262/pages/basic_setting/basic_setting-wan-single_wan.html
2025-12-07 06:07:36,507 - Knowledge - INFO - Worker kw18 processing /app/data/gemtektechnologycoltd2546/262/b4057o3/gtk-device-ui-sky-262/pages/basic_setting/nat/basic_setting-nat-portforward.jsx
2025-12-07 06:07:36,588 - Knowledge - INFO - Worker kw19 processing /app/data/gemtektechnologycoltd2546/262/b4057o3/gtk-device-ui-sky-262/pages/basic_setting/basic_setting-routing.jsx
2025-12-07 06:07:36,668 - Knowledge - INFO - Batch sizing: calculated=12, max_allowed=25, queue=135, active_workers=19/20
2025-12-07 06:07:36,781 - Knowledge - INFO - Worker kw1 processing /app/data/gemtektechnologycoltd2546/262/b4057o3/gtk-device-ui-sky-262/dialog/dialog-att-devices.html
2025-12-07 06:07:36,894 - Knowledge - INFO - Worker kw2 processing /app/data/gemtektechnologycoltd2546/262/b4057o3/gtk-device-ui-sky-262/pages/adv_setting/adv_setting-ssh.html
2025-12-07 06:07:36,992 - Knowledge - INFO - Fast-tracked /app/data/gemtektechnologycoltd2546/262/b4057o3/gtk-device-ui-sky-262/pages/status/status-wifiMesh.jsx (ext=.jsx, size=120)
2025-12-07 06:07:37,074 - Knowledge - INFO - Fast-tracked /app/data/gemtektechnologycoltd2546/262/b4057o3/gtk-device-ui-sky-262/pages/status/status-dualImage.jsx (ext=.jsx, size=121)
2025-12-07 06:07:37,168 - Knowledge - INFO - Fast-tracked /app/data/gemtektechnologycoltd2546/262/b4057o3/gtk-device-ui-sky-262/pages/status/status-statistics.html (ext=.html, size=1575)
2025-12-07 06:07:37,277 - Knowledge - INFO - Fast-tracked /app/data/gemtektechnologycoltd2546/262/b4057o3/gtk-device-ui-sky-262/pages/application/storage/application-storage-samba.js (ext=.js, size=1385)
2025-12-07 06:07:37,397 - Knowledge - INFO - Fast-tracked /app/data/gemtektechnologycoltd2546/262/b4057o3/gtk-device-ui-sky-262/pages/application/application-ddns.jsx (ext=.jsx, size=121)
2025-12-07 06:07:37,476 - Knowledge - INFO - Worker kw8 processing /app/data/gemtektechnologycoltd2546/262/b4057o3/gtk-device-ui-sky-262/pages/wlan/wifi_indep2/wlan-wifi_indep2-configuration2.html
2025-12-07 06:07:37,599 - Knowledge - INFO - Fast-tracked /app/data/gemtektechnologycoltd2546/262/b4057o3/gtk-device-ui-sky-262/pages/wlan/wifi_indep5/wlan-wifi_indep5-configuration5.jsx (ext=.jsx, size=136)
2025-12-07 06:07:37,721 - Knowledge - INFO - Worker kw10 processing /app/data/gemtektechnologycoltd2546/262/b4057o3/gtk-device-ui-sky-262/pages/management/settings/management-settings-reset_dafault.jsx
2025-12-07 06:07:37,840 - Knowledge - INFO - Worker kw11 processing /app/data/gemtektechnologycoltd2546/262/b4057o3/gtk-device-ui-sky-262/pages/management/tools/management-tools-nslookup.jsx
2025-12-07 06:07:37,925 - Knowledge - INFO - Fast-tracked /app/data/gemtektechnologycoltd2546/262/b4057o3/gtk-device-ui-sky-262/pages/management/management-remote.js (ext=.js, size=522)
2025-12-07 06:07:38,042 - Knowledge - INFO - Fast-tracked /app/data/gemtektechnologycoltd2546/262/b4057o3/gtk-device-ui-sky-262/pages/basic_setting/wlan/basic_setting-wlan-wifi_basic2.jsx (ext=.jsx, size=135)
2025-12-07 06:07:38,116 - Knowledge - INFO - Worker kw14 processing /app/data/gemtektechnologycoltd2546/262/b4057o3/gtk-device-ui-sky-262/pages/basic_setting/wlan/basic_setting-wlan-wifi_chs2.jsx
2025-12-07 06:07:38,225 - Knowledge - INFO - Worker kw15 processing /app/data/gemtektechnologycoltd2546/262/b4057o3/gtk-device-ui-sky-262/pages/basic_setting/wlan/basic_setting-wlan-mesh.js
2025-12-07 06:07:38,324 - Knowledge - INFO - Worker kw16 processing /app/data/gemtektechnologycoltd2546/262/b4057o3/gtk-device-ui-sky-262/pages/basic_setting/wlan/basic_setting-wlan-mpt.html
2025-12-07 06:07:38,411 - Knowledge - INFO - Worker kw17 processing /app/data/gemtektechnologycoltd2546/262/b4057o3/gtk-device-ui-sky-262/pages/basic_setting/basic_setting-wan-single_wan.jsx
2025-12-07 06:07:38,488 - Knowledge - INFO - Fast-tracked /app/data/gemtektechnologycoltd2546/262/b4057o3/gtk-device-ui-sky-262/pages/basic_setting/nat/basic_setting-nat-portforward.jsx (ext=.jsx, size=134)
2025-12-07 06:07:38,594 - Knowledge - INFO - Fast-tracked /app/data/gemtektechnologycoltd2546/262/b4057o3/gtk-device-ui-sky-262/pages/basic_setting/basic_setting-routing.jsx (ext=.jsx, size=126)
2025-12-07 06:07:38,672 - Knowledge - INFO - Worker kw20 processing /app/data/gemtektechnologycoltd2546/262/b4057o3/gtk-device-ui-sky-262/lang/en/management_opmode.json
2025-12-07 06:07:38,754 - Knowledge - INFO - Worker kw1 processing /app/data/gemtektechnologycoltd2546/262/b4057o3/gtk-device-ui-sky-262/dialog/dialog-wlan-changemode-confirm.html
2025-12-07 06:07:38,861 - Knowledge - INFO - Fast-tracked /app/data/gemtektechnologycoltd2546/262/b4057o3/gtk-device-ui-sky-262/pages/adv_setting/adv_setting-ssh.html (ext=.html, size=1019)
2025-12-07 06:07:38,979 - Knowledge - INFO - Worker kw3 processing /app/data/gemtektechnologycoltd2546/262/b4057o3/gtk-device-ui-sky-262/pages/status/status-wifiMesh.html
2025-12-07 06:07:39,095 - Knowledge - INFO - Worker kw4 processing /app/data/gemtektechnologycoltd2546/262/b4057o3/gtk-device-ui-sky-262/pages/status/status-dualImage.html
2025-12-07 06:07:39,187 - Knowledge - INFO - Worker kw5 processing /app/data/gemtektechnologycoltd2546/262/b4057o3/gtk-device-ui-sky-262/pages/status/status-statistics.jsx
2025-12-07 06:07:39,303 - Knowledge - INFO - Worker kw6 processing /app/data/gemtektechnologycoltd2546/262/b4057o3/gtk-device-ui-sky-262/pages/application/storage/application-storage-samba.html
2025-12-07 06:07:39,398 - Knowledge - INFO - Worker kw7 processing /app/data/gemtektechnologycoltd2546/262/b4057o3/gtk-device-ui-sky-262/pages/application/application-dlna.jsx
2025-12-07 06:07:39,479 - Knowledge - INFO - Worker kw8 processing /app/data/gemtektechnologycoltd2546/262/b4057o3/gtk-device-ui-sky-262/pages/wlan/wlan-wifi_mlo.js
2025-12-07 06:07:39,587 - Knowledge - INFO - Worker kw9 processing /app/data/gemtektechnologycoltd2546/262/b4057o3/gtk-device-ui-sky-262/pages/wlan/wlan-wifi_adv_common.html
2025-12-07 06:07:39,674 - Knowledge - INFO - Fast-tracked /app/data/gemtektechnologycoltd2546/262/b4057o3/gtk-device-ui-sky-262/pages/management/settings/management-settings-reset_dafault.jsx (ext=.jsx, size=138)
2025-12-07 06:07:39,776 - Knowledge - INFO - Fast-tracked /app/data/gemtektechnologycoltd2546/262/b4057o3/gtk-device-ui-sky-262/pages/management/tools/management-tools-nslookup.jsx (ext=.jsx, size=130)
2025-12-07 06:07:39,891 - Knowledge - INFO - Worker kw12 processing /app/data/gemtektechnologycoltd2546/262/b4057o3/gtk-device-ui-sky-262/pages/management/management-remote.html
2025-12-07 06:07:40,017 - Knowledge - INFO - Worker kw13 processing /app/data/gemtektechnologycoltd2546/262/b4057o3/gtk-device-ui-sky-262/pages/basic_setting/wlan/basic_setting-wlan-wifi_adv_allinone.js
2025-12-07 06:07:40,106 - Knowledge - INFO - Fast-tracked /app/data/gemtektechnologycoltd2546/262/b4057o3/gtk-device-ui-sky-262/pages/basic_setting/wlan/basic_setting-wlan-wifi_chs2.jsx (ext=.jsx, size=133)
2025-12-07 06:07:40,209 - Knowledge - INFO - Worker kw15 processing /app/data/gemtektechnologycoltd2546/262/b4057o3/gtk-device-ui-sky-262/pages/basic_setting/wlan/basic_setting-wlan-wireless_connection.html
2025-12-07 06:07:40,297 - Knowledge - INFO - Worker kw16 processing /app/data/gemtektechnologycoltd2546/262/b4057o3/gtk-device-ui-sky-262/pages/basic_setting/wlan/basic_setting-wlan-wifi_basic_allinone.jsx
2025-12-07 06:07:40,383 - Knowledge - INFO - Fast-tracked /app/data/gemtektechnologycoltd2546/262/b4057o3/gtk-device-ui-sky-262/pages/basic_setting/basic_setting-wan-single_wan.jsx (ext=.jsx, size=134)
2025-12-07 06:07:40,456 - Knowledge - INFO - Worker kw18 processing /app/data/gemtektechnologycoltd2546/262/b4057o3/gtk-device-ui-sky-262/pages/basic_setting/nat/basic_setting-nat-alg.html
2025-12-07 06:07:40,560 - Knowledge - INFO - Worker kw19 processing /app/data/gemtektechnologycoltd2546/262/b4057o3/gtk-device-ui-sky-262/pages/basic_setting/basic_setting-routing.js
2025-12-07 06:07:40,630 - Knowledge - INFO - Fast-tracked /app/data/gemtektechnologycoltd2546/262/b4057o3/gtk-device-ui-sky-262/lang/en/management_opmode.json (ext=.json, size=818)
2025-12-07 06:07:40,710 - Knowledge - INFO - Fast-tracked /app/data/gemtektechnologycoltd2546/262/b4057o3/gtk-device-ui-sky-262/dialog/dialog-wlan-changemode-confirm.html (ext=.html, size=112)
2025-12-07 06:07:40,816 - Knowledge - INFO - Worker kw2 processing /app/data/gemtektechnologycoltd2546/262/b4057o3/gtk-device-ui-sky-262/pages/adv_setting/adv_setting-ssh.js
2025-12-07 06:07:40,930 - Knowledge - INFO - Worker kw3 processing /app/data/gemtektechnologycoltd2546/262/b4057o3/gtk-device-ui-sky-262/pages/status/status-wifiMesh.js
2025-12-07 06:07:41,019 - Knowledge - INFO - Fast-tracked /app/data/gemtektechnologycoltd2546/262/b4057o3/gtk-device-ui-sky-262/pages/status/status-dualImage.html (ext=.html, size=1079)
2025-12-07 06:07:41,134 - Knowledge - INFO - Fast-tracked /app/data/gemtektechnologycoltd2546/262/b4057o3/gtk-device-ui-sky-262/pages/status/status-statistics.jsx (ext=.jsx, size=122)
2025-12-07 06:07:41,230 - Knowledge - INFO - Worker kw6 processing /app/data/gemtektechnologycoltd2546/262/b4057o3/gtk-device-ui-sky-262/pages/application/storage/application-storage-samba.jsx
2025-12-07 06:07:41,335 - Knowledge - INFO - Fast-tracked /app/data/gemtektechnologycoltd2546/262/b4057o3/gtk-device-ui-sky-262/pages/application/application-dlna.jsx (ext=.jsx, size=121)
2025-12-07 06:07:41,417 - Knowledge - INFO - Worker kw8 processing /app/data/gemtektechnologycoltd2546/262/b4057o3/gtk-device-ui-sky-262/pages/wlan/wlan-wifi_mlo.jsx
2025-12-07 06:07:41,522 - Knowledge - INFO - Fast-tracked /app/data/gemtektechnologycoltd2546/262/b4057o3/gtk-device-ui-sky-262/pages/wlan/wlan-wifi_adv_common.html (ext=.html, size=1211)
2025-12-07 06:07:41,607 - Knowledge - INFO - Worker kw10 processing /app/data/gemtektechnologycoltd2546/262/b4057o3/gtk-device-ui-sky-262/pages/management/settings/management-settings-reset_dafault.html
2025-12-07 06:07:41,710 - Knowledge - INFO - Worker kw11 processing /app/data/gemtektechnologycoltd2546/262/b4057o3/gtk-device-ui-sky-262/pages/management/tools/management-tools-nslookup.js
2025-12-07 06:07:41,805 - Knowledge - INFO - Fast-tracked /app/data/gemtektechnologycoltd2546/262/b4057o3/gtk-device-ui-sky-262/pages/management/management-remote.html (ext=.html, size=381)
2025-12-07 06:07:41,893 - Knowledge - INFO - Worker kw13 processing /app/data/gemtektechnologycoltd2546/262/b4057o3/gtk-device-ui-sky-262/pages/basic_setting/wlan/basic_setting-wlan-wifi_basic2.html
2025-12-07 06:07:42,003 - Knowledge - INFO - Worker kw14 processing /app/data/gemtektechnologycoltd2546/262/b4057o3/gtk-device-ui-sky-262/pages/basic_setting/wlan/basic_setting-wlan-wifi_adv5.html
2025-12-07 06:07:42,118 - Knowledge - INFO - Worker kw15 processing /app/data/gemtektechnologycoltd2546/262/b4057o3/gtk-device-ui-sky-262/pages/basic_setting/wlan/basic_setting-wlan-wireless_connection.jsx
2025-12-07 06:07:42,232 - Knowledge - INFO - Fast-tracked /app/data/gemtektechnologycoltd2546/262/b4057o3/gtk-device-ui-sky-262/pages/basic_setting/wlan/basic_setting-wlan-wifi_basic_allinone.jsx (ext=.jsx, size=143)
2025-12-07 06:07:42,322 - Knowledge - INFO - Worker kw17 processing /app/data/gemtektechnologycoltd2546/262/b4057o3/gtk-device-ui-sky-262/pages/basic_setting/basic_setting-wan.jsx
2025-12-07 06:07:42,400 - Knowledge - INFO - Worker kw18 processing /app/data/gemtektechnologycoltd2546/262/b4057o3/gtk-device-ui-sky-262/pages/basic_setting/nat/basic_setting-nat-alg.jsx
2025-12-07 06:07:42,478 - Knowledge - INFO - Worker kw19 processing /app/data/gemtektechnologycoltd2546/262/b4057o3/gtk-device-ui-sky-262/main.html
2025-12-07 06:07:42,597 - Knowledge - INFO - Worker kw20 processing /app/data/gemtektechnologycoltd2546/262/b4057o3/gtk-device-ui-sky-262/lang/en/status_wifiNeighbor.json
2025-12-07 06:07:42,720 - Knowledge - INFO - Worker kw1 processing /app/data/gemtektechnologycoltd2546/262/b4057o3/gtk-device-ui-sky-262/dialog/dialog-pc-dev-forgot-pwd.html
2025-12-07 06:07:42,832 - Knowledge - INFO - Worker kw2 processing /app/data/gemtektechnologycoltd2546/262/b4057o3/gtk-device-ui-sky-262/pages/adv_setting/adv_setting-usp_agent.html
2025-12-07 06:07:43,018 - Knowledge - INFO - Worker kw4 processing /app/data/gemtektechnologycoltd2546/262/b4057o3/gtk-device-ui-sky-262/pages/status/status-single_wan.js
2025-12-07 06:07:43,100 - Knowledge - INFO - Worker kw5 processing /app/data/gemtektechnologycoltd2546/262/b4057o3/gtk-device-ui-sky-262/pages/application/application-multicast-igmpMultiVer.js
2025-12-07 06:07:43,179 - Knowledge - INFO - Fast-tracked /app/data/gemtektechnologycoltd2546/262/b4057o3/gtk-device-ui-sky-262/pages/application/storage/application-storage-samba.jsx (ext=.jsx, size=130)
2025-12-07 06:07:43,264 - Knowledge - INFO - Worker kw7 processing /app/data/gemtektechnologycoltd2546/262/b4057o3/gtk-device-ui-sky-262/pages/application/application-dlna.html
2025-12-07 06:07:43,341 - Knowledge - INFO - Fast-tracked /app/data/gemtektechnologycoltd2546/262/b4057o3/gtk-device-ui-sky-262/pages/wlan/wlan-wifi_mlo.jsx (ext=.jsx, size=118)
2025-12-07 06:07:43,452 - Knowledge - INFO - Worker kw9 processing /app/data/gemtektechnologycoltd2546/262/b4057o3/gtk-device-ui-sky-262/pages/wlan/wlan-wifi_adv_common.jsx
2025-12-07 06:07:43,538 - Knowledge - INFO - Fast-tracked /app/data/gemtektechnologycoltd2546/262/b4057o3/gtk-device-ui-sky-262/pages/management/settings/management-settings-reset_dafault.html (ext=.html, size=628)
2025-12-07 06:07:43,650 - Knowledge - INFO - Worker kw11 processing /app/data/gemtektechnologycoltd2546/262/b4057o3/gtk-device-ui-sky-262/pages/management/tools/management-tools-traceroute.js
2025-12-07 06:07:43,746 - Knowledge - INFO - Worker kw12 processing /app/data/gemtektechnologycoltd2546/262/b4057o3/gtk-device-ui-sky-262/pages/management/management-remote.jsx
2025-12-07 06:07:43,840 - Knowledge - INFO - Worker kw13 processing /app/data/gemtektechnologycoltd2546/262/b4057o3/gtk-device-ui-sky-262/pages/basic_setting/wlan/basic_setting-wlan-wifi_zone.js
2025-12-07 06:07:43,928 - Knowledge - INFO - Fast-tracked /app/data/gemtektechnologycoltd2546/262/b4057o3/gtk-device-ui-sky-262/pages/adv_setting/adv_setting-service_control.html (small file (2088 bytes))
2025-12-07 06:07:43,932 - Knowledge - INFO - Worker kw14 processing /app/data/gemtektechnologycoltd2546/262/b4057o3/gtk-device-ui-sky-262/pages/basic_setting/wlan/basic_setting-wlan-wifi_wps.html
2025-12-07 06:07:44,039 - Knowledge - INFO - Fast-tracked /app/data/gemtektechnologycoltd2546/262/b4057o3/gtk-device-ui-sky-262/pages/basic_setting/wlan/basic_setting-wlan-wireless_connection.jsx (ext=.jsx, size=143)
2025-12-07 06:07:44,131 - Knowledge - INFO - Worker kw16 processing /app/data/gemtektechnologycoltd2546/262/b4057o3/gtk-device-ui-sky-262/pages/basic_setting/wlan/basic_setting-wlan-wifi_chs5.html
2025-12-07 06:07:44,217 - Knowledge - INFO - Fast-tracked /app/data/gemtektechnologycoltd2546/262/b4057o3/gtk-device-ui-sky-262/pages/basic_setting/basic_setting-wan.jsx (ext=.jsx, size=122)
2025-12-07 06:07:44,318 - Knowledge - INFO - Fast-tracked /app/data/gemtektechnologycoltd2546/262/b4057o3/gtk-device-ui-sky-262/pages/basic_setting/nat/basic_setting-nat-alg.jsx (ext=.jsx, size=126)
2025-12-07 06:07:44,435 - Knowledge - INFO - Worker kw19 processing /app/data/gemtektechnologycoltd2546/262/b4057o3/gtk-device-ui-sky-262/package.json
2025-12-07 06:07:44,521 - Knowledge - INFO - Fast-tracked /app/data/gemtektechnologycoltd2546/262/b4057o3/gtk-device-ui-sky-262/lang/en/status_wifiNeighbor.json (ext=.json, size=1029)
2025-12-07 06:07:44,612 - Knowledge - INFO - Fast-tracked /app/data/gemtektechnologycoltd2546/262/b4057o3/gtk-device-ui-sky-262/dialog/dialog-pc-dev-forgot-pwd.html (ext=.html, size=1256)
2025-12-07 06:07:44,713 - Knowledge - INFO - Fast-tracked /app/data/gemtektechnologycoltd2546/262/b4057o3/gtk-device-ui-sky-262/pages/adv_setting/adv_setting-usp_agent.html (ext=.html, size=1230)
2025-12-07 06:07:44,789 - Knowledge - INFO - Worker kw4 processing /app/data/gemtektechnologycoltd2546/262/b4057o3/gtk-device-ui-sky-262/pages/status/status-single_wan.jsx
2025-12-07 06:07:44,886 - Knowledge - INFO - Worker kw5 processing /app/data/gemtektechnologycoltd2546/262/b4057o3/gtk-device-ui-sky-262/pages/application/application-multicast-igmpMultiVer.html
2025-12-07 06:07:44,961 - Knowledge - INFO - Worker kw6 processing /app/data/gemtektechnologycoltd2546/262/b4057o3/gtk-device-ui-sky-262/pages/application/storage/application-storage-storage_info.jsx
2025-12-07 06:07:45,041 - Knowledge - INFO - Fast-tracked /app/data/gemtektechnologycoltd2546/262/b4057o3/gtk-device-ui-sky-262/pages/application/application-dlna.html (ext=.html, size=1462)
2025-12-07 06:07:45,157 - Knowledge - INFO - Worker kw8 processing /app/data/gemtektechnologycoltd2546/262/b4057o3/gtk-device-ui-sky-262/pages/wlan/wlan-wifi_mlo.html
2025-12-07 06:07:45,279 - Knowledge - INFO - Fast-tracked /app/data/gemtektechnologycoltd2546/262/b4057o3/gtk-device-ui-sky-262/pages/wlan/wlan-wifi_adv_common.jsx (ext=.jsx, size=125)
2025-12-07 06:07:45,389 - Knowledge - INFO - Worker kw10 processing /app/data/gemtektechnologycoltd2546/262/b4057o3/gtk-device-ui-sky-262/pages/management/settings/management-settings-backup.jsx
2025-12-07 06:07:45,487 - Knowledge - INFO - Worker kw11 processing /app/data/gemtektechnologycoltd2546/262/b4057o3/gtk-device-ui-sky-262/pages/management/tools/management-tools-ping.js
2025-12-07 06:07:45,596 - Knowledge - INFO - Fast-tracked /app/data/gemtektechnologycoltd2546/262/b4057o3/gtk-device-ui-sky-262/pages/management/management-remote.jsx (ext=.jsx, size=122)
2025-12-07 06:07:45,711 - Knowledge - INFO - Worker kw13 processing /app/data/gemtektechnologycoltd2546/262/b4057o3/gtk-device-ui-sky-262/pages/basic_setting/wlan/basic_setting-wlan-wifi_adv_allinone.html
2025-12-07 06:07:45,887 - Knowledge - INFO - Worker kw14 processing /app/data/gemtektechnologycoltd2546/262/b4057o3/gtk-device-ui-sky-262/pages/basic_setting/wlan/basic_setting-wlan-wifi_wps.jsx
2025-12-07 06:07:46,006 - Knowledge - INFO - Worker kw15 processing /app/data/gemtektechnologycoltd2546/262/b4057o3/gtk-device-ui-sky-262/pages/basic_setting/wlan/basic_setting-wlan-mesh.html
2025-12-07 06:07:46,113 - Knowledge - INFO - Worker kw16 processing /app/data/gemtektechnologycoltd2546/262/b4057o3/gtk-device-ui-sky-262/pages/basic_setting/wlan/basic_setting-wlan-wifi_chs5.jsx
2025-12-07 06:07:46,198 - Knowledge - INFO - Worker kw17 processing /app/data/gemtektechnologycoltd2546/262/b4057o3/gtk-device-ui-sky-262/pages/basic_setting/basic_setting-wan.html
2025-12-07 06:07:46,316 - Knowledge - INFO - Worker kw18 processing /app/data/gemtektechnologycoltd2546/262/b4057o3/gtk-device-ui-sky-262/pages/basic_setting/nat/basic_setting-nat-alg.js
2025-12-07 06:07:46,386 - Knowledge - INFO - Fast-tracked /app/data/gemtektechnologycoltd2546/262/b4057o3/gtk-device-ui-sky-262/package.json (ext=.json, size=77)
2025-12-07 06:07:46,508 - Knowledge - INFO - Worker kw20 processing /app/data/gemtektechnologycoltd2546/262/b4057o3/gtk-device-ui-sky-262/lang/en/management_settings_fw_upgrade.json
2025-12-07 06:07:46,739 - Knowledge - INFO - Worker kw2 processing /app/data/gemtektechnologycoltd2546/262/b4057o3/gtk-device-ui-sky-262/pages/adv_setting/adv_setting-usp_agent.jsx
2025-12-07 06:07:46,842 - Knowledge - INFO - Fast-tracked /app/data/gemtektechnologycoltd2546/262/b4057o3/gtk-device-ui-sky-262/pages/status/status-single_wan.jsx (ext=.jsx, size=123)
2025-12-07 06:07:46,879 - Knowledge - INFO - Fast-tracked /app/data/gemtektechnologycoltd2546/262/b4057o3/gtk-device-ui-sky-262/pages/adv_setting/adv_setting-qos.html (small file (2660 bytes))
2025-12-07 06:07:46,933 - Knowledge - INFO - Fast-tracked /app/data/gemtektechnologycoltd2546/262/b4057o3/gtk-device-ui-sky-262/pages/application/application-multicast-igmpMultiVer.html (ext=.html, size=1836)
2025-12-07 06:07:47,044 - Knowledge - INFO - Fast-tracked /app/data/gemtektechnologycoltd2546/262/b4057o3/gtk-device-ui-sky-262/pages/application/storage/application-storage-storage_info.jsx (ext=.jsx, size=137)
2025-12-07 06:07:47,135 - Knowledge - INFO - Worker kw7 processing /app/data/gemtektechnologycoltd2546/262/b4057o3/gtk-device-ui-sky-262/pages/application/application-dlna.js
2025-12-07 06:07:47,244 - Knowledge - INFO - Worker kw8 processing /app/data/gemtektechnologycoltd2546/262/b4057o3/gtk-device-ui-sky-262/pages/wlan/wifi_indep6/wlan-wifi_indep6-ssid6.js
2025-12-07 06:07:47,353 - Knowledge - INFO - Worker kw9 processing /app/data/gemtektechnologycoltd2546/262/b4057o3/gtk-device-ui-sky-262/pages/wlan/wlan-wifi_adv_common.js
2025-12-07 06:07:47,456 - Knowledge - INFO - Fast-tracked /app/data/gemtektechnologycoltd2546/262/b4057o3/gtk-device-ui-sky-262/pages/management/settings/management-settings-backup.jsx (ext=.jsx, size=131)
2025-12-07 06:07:47,555 - Knowledge - INFO - Worker kw11 processing /app/data/gemtektechnologycoltd2546/262/b4057o3/gtk-device-ui-sky-262/pages/management/tools/management-tools-traceroute.jsx
2025-12-07 06:07:47,629 - Knowledge - INFO - Worker kw12 processing /app/data/gemtektechnologycoltd2546/262/b4057o3/gtk-device-ui-sky-262/pages/management/management-opmode.js
2025-12-07 06:07:47,742 - Knowledge - INFO - Worker kw13 processing /app/data/gemtektechnologycoltd2546/262/b4057o3/gtk-device-ui-sky-262/pages/basic_setting/wlan/basic_setting-wlan-wifi_basic2.js
2025-12-07 06:07:47,824 - Knowledge - INFO - Fast-tracked /app/data/gemtektechnologycoltd2546/262/b4057o3/gtk-device-ui-sky-262/pages/basic_setting/wlan/basic_setting-wlan-wifi_wps.jsx (ext=.jsx, size=132)
2025-12-07 06:07:47,935 - Knowledge - INFO - Worker kw15 processing /app/data/gemtektechnologycoltd2546/262/b4057o3/gtk-device-ui-sky-262/pages/basic_setting/wlan/basic_setting-wlan-wifi_basic5.js
2025-12-07 06:07:48,037 - Knowledge - INFO - Fast-tracked /app/data/gemtektechnologycoltd2546/262/b4057o3/gtk-device-ui-sky-262/pages/basic_setting/wlan/basic_setting-wlan-wifi_chs5.jsx (ext=.jsx, size=133)
2025-12-07 06:07:48,147 - Knowledge - INFO - Worker kw17 processing /app/data/gemtektechnologycoltd2546/262/b4057o3/gtk-device-ui-sky-262/pages/basic_setting/basic_setting-wan.js
2025-12-07 06:07:48,239 - Knowledge - INFO - Fast-tracked /app/data/gemtektechnologycoltd2546/262/b4057o3/gtk-device-ui-sky-262/pages/basic_setting/nat/basic_setting-nat-alg.js (ext=.js, size=1753)
2025-12-07 06:07:48,355 - Knowledge - INFO - Worker kw19 processing /app/data/gemtektechnologycoltd2546/262/b4057o3/gtk-device-ui-sky-262/login.html
2025-12-07 06:07:48,461 - Knowledge - INFO - Fast-tracked /app/data/gemtektechnologycoltd2546/262/b4057o3/gtk-device-ui-sky-262/lang/en/management_settings_fw_upgrade.json (ext=.json, size=1480)
2025-12-07 06:07:48,557 - Knowledge - INFO - Fast-tracked /app/data/gemtektechnologycoltd2546/262/b4057o3/gtk-device-ui-sky-262/pages/adv_setting/adv_setting-usp_agent.jsx (ext=.jsx, size=126)
2025-12-07 06:07:48,644 - Knowledge - INFO - Worker kw4 processing /app/data/gemtektechnologycoltd2546/262/b4057o3/gtk-device-ui-sky-262/pages/status/status-single_wan.html
2025-12-07 06:07:48,844 - Knowledge - INFO - Worker kw5 processing /app/data/gemtektechnologycoltd2546/262/b4057o3/gtk-device-ui-sky-262/pages/application/application-multicast-igmpMultiVer.jsx
2025-12-07 06:07:48,928 - Knowledge - INFO - Worker kw6 processing /app/data/gemtektechnologycoltd2546/262/b4057o3/gtk-device-ui-sky-262/pages/application/storage/application-storage-storage_info.html
2025-12-07 06:07:49,016 - Knowledge - INFO - Worker kw7 processing /app/data/gemtektechnologycoltd2546/262/b4057o3/gtk-device-ui-sky-262/pages/application/application-upnp.html
2025-12-07 06:07:49,112 - Knowledge - INFO - Worker kw8 processing /app/data/gemtektechnologycoltd2546/262/b4057o3/gtk-device-ui-sky-262/pages/wlan/wifi_indep6/wlan-wifi_indep6-ssid6.html
2025-12-07 06:07:49,201 - Knowledge - INFO - Fast-tracked /app/data/gemtektechnologycoltd2546/262/b4057o3/gtk-device-ui-sky-262/pages/wlan/wlan-wifi_adv_common.js (ext=.js, size=1947)
2025-12-07 06:07:49,300 - Knowledge - INFO - Worker kw10 processing /app/data/gemtektechnologycoltd2546/262/b4057o3/gtk-device-ui-sky-262/pages/management/settings/management-settings-backup.html
2025-12-07 06:07:49,403 - Knowledge - INFO - Fast-tracked /app/data/gemtektechnologycoltd2546/262/b4057o3/gtk-device-ui-sky-262/pages/management/tools/management-tools-traceroute.jsx (ext=.jsx, size=132)
2025-12-07 06:07:49,518 - Knowledge - INFO - Worker kw12 processing /app/data/gemtektechnologycoltd2546/262/b4057o3/gtk-device-ui-sky-262/pages/management/management-ntp.js
2025-12-07 06:07:49,593 - Knowledge - INFO - Worker kw13 processing /app/data/gemtektechnologycoltd2546/262/b4057o3/gtk-device-ui-sky-262/pages/basic_setting/wlan/basic_setting-wlan-wifi_zone.jsx
2025-12-07 06:07:49,669 - Knowledge - INFO - Worker kw14 processing /app/data/gemtektechnologycoltd2546/262/b4057o3/gtk-device-ui-sky-262/pages/basic_setting/wlan/basic_setting-wlan-wifi_wps.js
2025-12-07 06:07:49,766 - Knowledge - INFO - Worker kw15 processing /app/data/gemtektechnologycoltd2546/262/b4057o3/gtk-device-ui-sky-262/pages/basic_setting/wlan/basic_setting-wlan-mesh.jsx
2025-12-07 06:07:49,861 - Knowledge - INFO - Worker kw16 processing /app/data/gemtektechnologycoltd2546/262/b4057o3/gtk-device-ui-sky-262/pages/basic_setting/wan/basic_setting-wan-wan.js
2025-12-07 06:07:49,937 - Knowledge - INFO - Worker kw17 processing /app/data/gemtektechnologycoltd2546/262/b4057o3/gtk-device-ui-sky-262/pages/basic_setting/nat/dialog-pfr.html
2025-12-07 06:07:50,015 - Knowledge - INFO - Worker kw18 processing /app/data/gemtektechnologycoltd2546/262/b4057o3/gtk-device-ui-sky-262/pages/basic_setting/lan/basic_setting-lan-lan6.js
2025-12-07 06:07:50,119 - Knowledge - INFO - Worker kw19 processing /app/data/gemtektechnologycoltd2546/262/b4057o3/gtk-device-ui-sky-262/lang/en/adv_setting_service_control.json
2025-12-07 06:07:50,200 - Knowledge - INFO - Worker kw20 processing /app/data/gemtektechnologycoltd2546/262/b4057o3/gtk-device-ui-sky-262/lang/en/basic_setting_seciruty_macfilter.json
2025-12-07 06:07:50,377 - Knowledge - INFO - Fast-tracked /app/data/gemtektechnologycoltd2546/262/b4057o3/gtk-device-ui-sky-262/pages/status/status-single_wan.html (ext=.html, size=1421)
2025-12-07 06:07:50,488 - Knowledge - INFO - Fast-tracked /app/data/gemtektechnologycoltd2546/262/b4057o3/gtk-device-ui-sky-262/pages/application/application-multicast-igmpMultiVer.jsx (ext=.jsx, size=139)
2025-12-07 06:07:50,576 - Knowledge - INFO - Fast-tracked /app/data/gemtektechnologycoltd2546/262/b4057o3/gtk-device-ui-sky-262/pages/application/storage/application-storage-storage_info.html (ext=.html, size=1751)
2025-12-07 06:07:50,666 - Knowledge - INFO - Fast-tracked /app/data/gemtektechnologycoltd2546/262/b4057o3/gtk-device-ui-sky-262/pages/application/application-upnp.html (ext=.html, size=1007)
2025-12-07 06:07:50,780 - Knowledge - INFO - Fast-tracked /app/data/gemtektechnologycoltd2546/262/b4057o3/gtk-device-ui-sky-262/pages/wlan/wifi_indep6/wlan-wifi_indep6-ssid6.html (ext=.html, size=1355)
2025-12-07 06:07:50,877 - Knowledge - INFO - Worker kw9 processing /app/data/gemtektechnologycoltd2546/262/b4057o3/gtk-device-ui-sky-262/pages/singlepage.jsx
2025-12-07 06:07:50,962 - Knowledge - INFO - Fast-tracked /app/data/gemtektechnologycoltd2546/262/b4057o3/gtk-device-ui-sky-262/pages/management/settings/management-settings-backup.html (ext=.html, size=854)
2025-12-07 06:07:51,078 - Knowledge - INFO - Worker kw11 processing /app/data/gemtektechnologycoltd2546/262/b4057o3/gtk-device-ui-sky-262/pages/management/tools/management-tools-traceroute.html
2025-12-07 06:07:51,171 - Knowledge - INFO - Worker kw12 processing /app/data/gemtektechnologycoltd2546/262/b4057o3/gtk-device-ui-sky-262/pages/management/management-ntp.jsx
2025-12-07 06:07:51,283 - Knowledge - INFO - Fast-tracked /app/data/gemtektechnologycoltd2546/262/b4057o3/gtk-device-ui-sky-262/pages/basic_setting/wlan/basic_setting-wlan-wifi_zone.jsx (ext=.jsx, size=133)
2025-12-07 06:07:51,408 - Knowledge - INFO - Worker kw14 processing /app/data/gemtektechnologycoltd2546/262/b4057o3/gtk-device-ui-sky-262/pages/basic_setting/wlan/basic_setting-wlan-wifi_adv2.js
2025-12-07 06:07:51,488 - Knowledge - INFO - Fast-tracked /app/data/gemtektechnologycoltd2546/262/b4057o3/gtk-device-ui-sky-262/pages/basic_setting/wlan/basic_setting-wlan-mesh.jsx (ext=.jsx, size=128)
2025-12-07 06:07:51,610 - Knowledge - INFO - Worker kw16 processing /app/data/gemtektechnologycoltd2546/262/b4057o3/gtk-device-ui-sky-262/pages/basic_setting/wan/basic_setting-wan-wan.html
2025-12-07 06:07:51,693 - Knowledge - INFO - Worker kw17 processing /app/data/gemtektechnologycoltd2546/262/b4057o3/gtk-device-ui-sky-262/pages/basic_setting/nat/basic_setting-nat-dmz.js
2025-12-07 06:07:51,773 - Knowledge - INFO - Worker kw18 processing /app/data/gemtektechnologycoltd2546/262/b4057o3/gtk-device-ui-sky-262/pages/basic_setting/lan/basic_setting-lan-lan6.jsx
2025-12-07 06:07:51,894 - Knowledge - INFO - Fast-tracked /app/data/gemtektechnologycoltd2546/262/b4057o3/gtk-device-ui-sky-262/lang/en/adv_setting_service_control.json (ext=.json, size=1437)
2025-12-07 06:07:52,009 - Knowledge - INFO - Fast-tracked /app/data/gemtektechnologycoltd2546/262/b4057o3/gtk-device-ui-sky-262/lang/en/basic_setting_seciruty_macfilter.json (ext=.json, size=895)
2025-12-07 06:07:52,186 - Knowledge - INFO - Worker kw5 processing /app/data/gemtektechnologycoltd2546/262/b4057o3/gtk-device-ui-sky-262/pages/application/application-multicast.js
2025-12-07 06:07:52,274 - Knowledge - INFO - Worker kw6 processing /app/data/gemtektechnologycoltd2546/262/b4057o3/gtk-device-ui-sky-262/pages/application/storage/application-storage-storage_info.js
2025-12-07 06:07:52,349 - Knowledge - INFO - Worker kw7 processing /app/data/gemtektechnologycoltd2546/262/b4057o3/gtk-device-ui-sky-262/pages/application/application-upnp.jsx
2025-12-07 06:07:52,453 - Knowledge - INFO - Worker kw8 processing /app/data/gemtektechnologycoltd2546/262/b4057o3/gtk-device-ui-sky-262/pages/wlan/wifi_indep6/wlan-wifi_indep6-ssid6.jsx
2025-12-07 06:07:52,545 - Knowledge - INFO - Fast-tracked /app/data/gemtektechnologycoltd2546/262/b4057o3/gtk-device-ui-sky-262/pages/singlepage.jsx (ext=.jsx, size=116)
2025-12-07 06:07:52,614 - Knowledge - INFO - Worker kw10 processing /app/data/gemtektechnologycoltd2546/262/b4057o3/gtk-device-ui-sky-262/pages/management/settings/management-settings-backup.js
2025-12-07 06:07:52,712 - Knowledge - INFO - Worker kw11 processing /app/data/gemtektechnologycoltd2546/262/b4057o3/gtk-device-ui-sky-262/pages/management/tools/management-tools-ping.jsx
2025-12-07 06:07:52,799 - Knowledge - INFO - Fast-tracked /app/data/gemtektechnologycoltd2546/262/b4057o3/gtk-device-ui-sky-262/pages/management/management-ntp.jsx (ext=.jsx, size=119)
2025-12-07 06:07:52,885 - Knowledge - INFO - Worker kw13 processing /app/data/gemtektechnologycoltd2546/262/b4057o3/gtk-device-ui-sky-262/pages/basic_setting/wlan/basic_setting-wlan-wifi_zone.html
2025-12-07 06:07:52,970 - Knowledge - INFO - Worker kw14 processing /app/data/gemtektechnologycoltd2546/262/b4057o3/gtk-device-ui-sky-262/pages/basic_setting/wlan/basic_setting-wlan-wifi_adv2.html
2025-12-07 06:07:53,036 - Knowledge - INFO - Fast-tracked /app/data/gemtektechnologycoltd2546/262/b4057o3/gtk-device-ui-sky-262/dialog/dialog-wan-more-info.html (small file (2358 bytes))
2025-12-07 06:07:53,060 - Knowledge - INFO - Worker kw15 processing /app/data/gemtektechnologycoltd2546/262/b4057o3/gtk-device-ui-sky-262/pages/basic_setting/wlan/basic_setting-wlan-wifi_basic_allinone.js
2025-12-07 06:07:53,137 - Knowledge - INFO - Worker kw16 processing /app/data/gemtektechnologycoltd2546/262/b4057o3/gtk-device-ui-sky-262/pages/basic_setting/wan/basic_setting-wan-wan.jsx
2025-12-07 06:07:53,250 - Knowledge - INFO - Worker kw17 processing /app/data/gemtektechnologycoltd2546/262/b4057o3/gtk-device-ui-sky-262/pages/basic_setting/nat/basic_setting-nat-dmz.html
2025-12-07 06:07:53,372 - Knowledge - INFO - Fast-tracked /app/data/gemtektechnologycoltd2546/262/b4057o3/gtk-device-ui-sky-262/pages/basic_setting/lan/basic_setting-lan-lan6.jsx (ext=.jsx, size=127)
2025-12-07 06:07:53,453 - Knowledge - INFO - Worker kw19 processing /app/data/gemtektechnologycoltd2546/262/b4057o3/gtk-device-ui-sky-262/lang/en/basic_setting_wan_port.json
2025-12-07 06:07:53,573 - Knowledge - INFO - Worker kw20 processing /app/data/gemtektechnologycoltd2546/262/b4057o3/gtk-device-ui-sky-262/lang/en/basic_setting_wlan_mesh.json
2025-12-07 06:07:53,669 - Knowledge - INFO - Fast-tracked /app/data/gemtektechnologycoltd2546/262/b4057o3/gtk-device-ui-sky-262/pages/application/application-multicast.js (ext=.js, size=1942)
2025-12-07 06:07:53,743 - Knowledge - INFO - Fast-tracked /app/data/gemtektechnologycoltd2546/262/b4057o3/gtk-device-ui-sky-262/pages/application/storage/application-storage-storage_info.js (ext=.js, size=1423)
2025-12-07 06:07:53,867 - Knowledge - INFO - Fast-tracked /app/data/gemtektechnologycoltd2546/262/b4057o3/gtk-device-ui-sky-262/pages/application/application-upnp.jsx (ext=.jsx, size=121)
2025-12-07 06:07:53,976 - Knowledge - INFO - Fast-tracked /app/data/gemtektechnologycoltd2546/262/b4057o3/gtk-device-ui-sky-262/pages/wlan/wifi_indep6/wlan-wifi_indep6-ssid6.jsx (ext=.jsx, size=127)
2025-12-07 06:07:54,095 - Knowledge - INFO - Worker kw9 processing /app/data/gemtektechnologycoltd2546/262/b4057o3/gtk-device-ui-sky-262/pages/tabspage.jsx
2025-12-07 06:07:54,184 - Knowledge - INFO - Worker kw10 processing /app/data/gemtektechnologycoltd2546/262/b4057o3/gtk-device-ui-sky-262/pages/management/settings/management-settings-fw_upgrade.js
2025-12-07 06:07:54,279 - Knowledge - INFO - Fast-tracked /app/data/gemtektechnologycoltd2546/262/b4057o3/gtk-device-ui-sky-262/pages/management/tools/management-tools-ping.jsx (ext=.jsx, size=126)
2025-12-07 06:07:54,364 - Knowledge - INFO - Worker kw12 processing /app/data/gemtektechnologycoltd2546/262/b4057o3/gtk-device-ui-sky-262/pages/management/management-ntp.html
2025-12-07 06:07:54,451 - Knowledge - INFO - Worker kw13 processing /app/data/gemtektechnologycoltd2546/262/b4057o3/gtk-device-ui-sky-262/pages/basic_setting/wlan/basic_setting-wlan-wifi_adv_allinone.jsx
2025-12-07 06:07:54,564 - Knowledge - INFO - Worker kw14 processing /app/data/gemtektechnologycoltd2546/262/b4057o3/gtk-device-ui-sky-262/pages/basic_setting/wlan/basic_setting-wlan-wifi_adv2.jsx
2025-12-07 06:07:54,640 - Knowledge - INFO - Fast-tracked /app/data/gemtektechnologycoltd2546/262/b4057o3/gtk-device-ui-sky-262/pages/adv_setting/adv_setting-telnet.js (small file (2456 bytes))
2025-12-07 06:07:54,727 - Knowledge - INFO - Worker kw15 processing /app/data/gemtektechnologycoltd2546/262/b4057o3/gtk-device-ui-sky-262/pages/basic_setting/wlan/basic_setting-wlan-mpt.js
2025-12-07 06:07:54,832 - Knowledge - INFO - Fast-tracked /app/data/gemtektechnologycoltd2546/262/b4057o3/gtk-device-ui-sky-262/pages/basic_setting/wan/basic_setting-wan-wan.jsx (ext=.jsx, size=127)
2025-12-07 06:07:54,917 - Knowledge - INFO - Worker kw17 processing /app/data/gemtektechnologycoltd2546/262/b4057o3/gtk-device-ui-sky-262/pages/basic_setting/nat/basic_setting-nat-dmz.jsx
2025-12-07 06:07:55,027 - Knowledge - INFO - Worker kw18 processing /app/data/gemtektechnologycoltd2546/262/b4057o3/gtk-device-ui-sky-262/pages/basic_setting/lan/basic_setting-lan-lan6.html
2025-12-07 06:07:55,103 - Knowledge - INFO - Fast-tracked /app/data/gemtektechnologycoltd2546/262/b4057o3/gtk-device-ui-sky-262/lang/en/basic_setting_wan_port.json (ext=.json, size=77)
2025-12-07 06:07:55,190 - Knowledge - INFO - Fast-tracked /app/data/gemtektechnologycoltd2546/262/b4057o3/gtk-device-ui-sky-262/lang/en/basic_setting_wlan_mesh.json (ext=.json, size=647)
2025-12-07 06:07:55,287 - Knowledge - INFO - Worker kw5 processing /app/data/gemtektechnologycoltd2546/262/b4057o3/gtk-device-ui-sky-262/pages/application/application-multicast.jsx
2025-12-07 06:07:55,373 - Knowledge - INFO - Fast-tracked /app/data/gemtektechnologycoltd2546/262/b4057o3/gtk-device-ui-sky-262/dialog/dialog-att-devices.html (small file (2837 bytes))
2025-12-07 06:07:55,390 - Knowledge - INFO - Fast-tracked /app/data/gemtektechnologycoltd2546/262/b4057o3/gtk-device-ui-sky-262/pages/application/multicast/application-multicast-igmp.html (small file (2571 bytes))
2025-12-07 06:07:55,479 - Knowledge - INFO - Worker kw7 processing /app/data/gemtektechnologycoltd2546/262/b4057o3/gtk-device-ui-sky-262/pages/application/application-upnp.js
2025-12-07 06:07:55,576 - Knowledge - INFO - Worker kw8 processing /app/data/gemtektechnologycoltd2546/262/b4057o3/gtk-device-ui-sky-262/pages/wlan/wifi_indep6/wlan-wifi_indep6-configuration6.html
2025-12-07 06:07:55,665 - Knowledge - INFO - Fast-tracked /app/data/gemtektechnologycoltd2546/262/b4057o3/gtk-device-ui-sky-262/pages/tabspage.jsx (ext=.jsx, size=114)
2025-12-07 06:07:55,947 - Knowledge - INFO - Worker kw10 processing /app/data/gemtektechnologycoltd2546/262/b4057o3/gtk-device-ui-sky-262/pages/management/settings/management-settings-multi_lang.jsx
2025-12-07 06:07:56,050 - Knowledge - INFO - Worker kw11 processing /app/data/gemtektechnologycoltd2546/262/b4057o3/gtk-device-ui-sky-262/pages/management/tools/management-tools-ping.html
2025-12-07 06:07:56,126 - Knowledge - INFO - Worker kw12 processing /app/data/gemtektechnologycoltd2546/262/b4057o3/gtk-device-ui-sky-262/pages/dashboard.html
2025-12-07 06:07:56,236 - Knowledge - INFO - Fast-tracked /app/data/gemtektechnologycoltd2546/262/b4057o3/gtk-device-ui-sky-262/pages/basic_setting/wlan/basic_setting-wlan-wifi_adv_allinone.jsx (ext=.jsx, size=141)
2025-12-07 06:07:56,323 - Knowledge - INFO - Fast-tracked /app/data/gemtektechnologycoltd2546/262/b4057o3/gtk-device-ui-sky-262/pages/basic_setting/wlan/basic_setting-wlan-wifi_adv2.jsx (ext=.jsx, size=133)
2025-12-07 06:07:56,517 - Knowledge - INFO - Fast-tracked /app/data/gemtektechnologycoltd2546/262/b4057o3/gtk-device-ui-sky-262/pages/basic_setting/wlan/basic_setting-wlan-mpt.js (ext=.js, size=1829)
2025-12-07 06:07:56,641 - Knowledge - INFO - Worker kw16 processing /app/data/gemtektechnologycoltd2546/262/b4057o3/gtk-device-ui-sky-262/pages/basic_setting/wan/basic_setting-wan-port.html
2025-12-07 06:07:56,752 - Knowledge - INFO - Fast-tracked /app/data/gemtektechnologycoltd2546/262/b4057o3/gtk-device-ui-sky-262/pages/basic_setting/nat/basic_setting-nat-dmz.jsx (ext=.jsx, size=126)
2025-12-07 06:07:56,860 - Knowledge - INFO - Worker kw18 processing /app/data/gemtektechnologycoltd2546/262/b4057o3/gtk-device-ui-sky-262/pages/basic_setting/lan/basic_setting-lan-lan4.jsx
2025-12-07 06:07:56,952 - Knowledge - INFO - Worker kw19 processing /app/data/gemtektechnologycoltd2546/262/b4057o3/gtk-device-ui-sky-262/lang/en/dashboard.json
2025-12-07 06:07:57,032 - Knowledge - INFO - Worker kw20 processing /app/data/gemtektechnologycoltd2546/262/b4057o3/gtk-device-ui-sky-262/lang/en/management_tools_remotecapture.json
2025-12-07 06:07:57,102 - Knowledge - INFO - Fast-tracked /app/data/gemtektechnologycoltd2546/262/b4057o3/gtk-device-ui-sky-262/pages/application/application-multicast.jsx (ext=.jsx, size=126)
2025-12-07 06:07:57,347 - Knowledge - INFO - Fast-tracked /app/data/gemtektechnologycoltd2546/262/b4057o3/gtk-device-ui-sky-262/pages/application/storage/application-storage-ftp.html (small file (2346 bytes))
2025-12-07 06:07:57,458 - Knowledge - INFO - Fast-tracked /app/data/gemtektechnologycoltd2546/262/b4057o3/gtk-device-ui-sky-262/pages/application/application-upnp.js (ext=.js, size=1866)
2025-12-07 06:07:57,687 - Knowledge - INFO - Worker kw9 processing /app/data/gemtektechnologycoltd2546/262/b4057o3/gtk-device-ui-sky-262/pages/singlepage.js
2025-12-07 06:07:57,770 - Knowledge - INFO - Fast-tracked /app/data/gemtektechnologycoltd2546/262/b4057o3/gtk-device-ui-sky-262/pages/management/settings/management-settings-multi_lang.jsx (ext=.jsx, size=136)
2025-12-07 06:07:58,009 - Knowledge - INFO - Worker kw12 processing /app/data/gemtektechnologycoltd2546/262/b4057o3/gtk-device-ui-sky-262/pages/basic_setting/seciruty/basic_setting-seciruty-macfilter.js
2025-12-07 06:07:58,084 - Knowledge - INFO - Worker kw13 processing /app/data/gemtektechnologycoltd2546/262/b4057o3/gtk-device-ui-sky-262/pages/basic_setting/wlan/basic_setting-wlan-wifi_chs2.js
2025-12-07 06:07:58,164 - Knowledge - INFO - Worker kw14 processing /app/data/gemtektechnologycoltd2546/262/b4057o3/gtk-device-ui-sky-262/pages/basic_setting/wlan/basic_setting-wlan-mesh2.js
2025-12-07 06:07:58,266 - Knowledge - INFO - Fast-tracked /app/data/gemtektechnologycoltd2546/262/b4057o3/gtk-device-ui-sky-262/pages/basic_setting/wlan/basic_setting-wlan-mesh2.html (small file (2360 bytes))
2025-12-07 06:07:58,358 - Knowledge - INFO - Worker kw16 processing /app/data/gemtektechnologycoltd2546/262/b4057o3/gtk-device-ui-sky-262/pages/basic_setting/wan/basic_setting-wan-port.jsx
2025-12-07 06:07:58,450 - Knowledge - INFO - Worker kw17 processing /app/data/gemtektechnologycoltd2546/262/b4057o3/gtk-device-ui-sky-262/pages/basic_setting/nat/basic_setting-nat-portforward.js
2025-12-07 06:07:58,568 - Knowledge - INFO - Fast-tracked /app/data/gemtektechnologycoltd2546/262/b4057o3/gtk-device-ui-sky-262/pages/basic_setting/lan/basic_setting-lan-lan4.jsx (ext=.jsx, size=127)
2025-12-07 06:07:58,656 - Knowledge - INFO - Fast-tracked /app/data/gemtektechnologycoltd2546/262/b4057o3/gtk-device-ui-sky-262/lang/en/dashboard.json (ext=.json, size=2178)
2025-12-07 06:07:58,738 - Knowledge - INFO - Fast-tracked /app/data/gemtektechnologycoltd2546/262/b4057o3/gtk-device-ui-sky-262/lang/en/management_tools_remotecapture.json (ext=.json, size=425)
2025-12-07 06:07:58,852 - Knowledge - INFO - Worker kw5 processing /app/data/gemtektechnologycoltd2546/262/b4057o3/gtk-device-ui-sky-262/pages/application/application-multicast.html
2025-12-07 06:07:58,965 - Knowledge - INFO - Fast-tracked /app/data/gemtektechnologycoltd2546/262/b4057o3/gtk-device-ui-sky-262/pages/application/storage/application-storage-ftp.js (small file (2277 bytes))
2025-12-07 06:07:59,182 - Knowledge - INFO - Fast-tracked /app/data/gemtektechnologycoltd2546/262/b4057o3/gtk-device-ui-sky-262/pages/singlepage.js (ext=.js, size=67)
2025-12-07 06:07:59,287 - Knowledge - INFO - Worker kw10 processing /app/data/gemtektechnologycoltd2546/262/b4057o3/gtk-device-ui-sky-262/pages/management/settings/management-settings-multi_lang.html
2025-12-07 06:07:59,429 - Knowledge - INFO - Worker kw12 processing /app/data/gemtektechnologycoltd2546/262/b4057o3/gtk-device-ui-sky-262/pages/basic_setting/seciruty/basic_setting-seciruty-ipfilter.html
2025-12-07 06:07:59,440 - Knowledge - INFO - [LLM_CALL] Completed: dialog-meshtopology.html:chunk1, Duration: 10832ms, PromptTokens: 9770, CompletionTokens: 59, Cost: $0.00100
2025-12-07 06:07:59,527 - Knowledge - INFO - Worker kw13 processing /app/data/gemtektechnologycoltd2546/262/b4057o3/gtk-device-ui-sky-262/pages/basic_setting/wlan/basic_setting-wlan-wifi_guest.jsx
2025-12-07 06:07:59,654 - Knowledge - INFO - Worker kw14 processing /app/data/gemtektechnologycoltd2546/262/b4057o3/gtk-device-ui-sky-262/pages/basic_setting/wlan/basic_setting-wlan-mesh2.jsx
2025-12-07 06:07:59,839 - Knowledge - INFO - Fast-tracked /app/data/gemtektechnologycoltd2546/262/b4057o3/gtk-device-ui-sky-262/pages/basic_setting/wan/basic_setting-wan-port.jsx (ext=.jsx, size=127)
2025-12-07 06:08:00,079 - Knowledge - INFO - Worker kw18 processing /app/data/gemtektechnologycoltd2546/262/b4057o3/gtk-device-ui-sky-262/pages/basic_setting/lan/basic_setting-lan-lan4.html
2025-12-07 06:08:00,172 - Knowledge - INFO - Worker kw19 processing /app/data/gemtektechnologycoltd2546/262/b4057o3/gtk-device-ui-sky-262/lang/en/management_settings_multi_lang.json
2025-12-07 06:08:00,268 - Knowledge - INFO - Worker kw20 processing /app/data/gemtektechnologycoltd2546/262/b4057o3/gtk-device-ui-sky-262/lang/en/status_dualImage.json
2025-12-07 06:08:00,366 - Knowledge - INFO - Fast-tracked /app/data/gemtektechnologycoltd2546/262/b4057o3/gtk-device-ui-sky-262/pages/application/application-multicast-igmpMultiVer.js (small file (2534 bytes))
2025-12-07 06:08:00,560 - Knowledge - INFO - Fast-tracked /app/data/gemtektechnologycoltd2546/262/b4057o3/gtk-device-ui-sky-262/pages/adv_setting/adv_setting-ssh.js (small file (2126 bytes))
2025-12-07 06:08:00,567 - Knowledge - INFO - Worker kw9 processing /app/data/gemtektechnologycoltd2546/262/b4057o3/gtk-device-ui-sky-262/pages/tabspage.html
2025-12-07 06:08:00,676 - Knowledge - INFO - Fast-tracked /app/data/gemtektechnologycoltd2546/262/b4057o3/gtk-device-ui-sky-262/pages/management/settings/management-settings-multi_lang.html (ext=.html, size=1118)
2025-12-07 06:08:00,791 - Knowledge - INFO - Fast-tracked /app/data/gemtektechnologycoltd2546/262/b4057o3/gtk-device-ui-sky-262/pages/management/tools/management-tools-remotecapture.js (small file (2918 bytes))
2025-12-07 06:08:00,867 - Knowledge - INFO - done ingest for /app/data/gemtektechnologycoltd2546/262/b4057o3/gtk-device-ui-sky-262/dialog/dialog-meshtopology.html
2025-12-07 06:08:00,988 - Knowledge - INFO - Fast-tracked /app/data/gemtektechnologycoltd2546/262/b4057o3/gtk-device-ui-sky-262/pages/basic_setting/wlan/basic_setting-wlan-wifi_guest.jsx (ext=.jsx, size=134)
2025-12-07 06:08:01,099 - Knowledge - INFO - Fast-tracked /app/data/gemtektechnologycoltd2546/262/b4057o3/gtk-device-ui-sky-262/pages/basic_setting/wlan/basic_setting-wlan-mesh2.jsx (ext=.jsx, size=132)
2025-12-07 06:08:01,305 - Knowledge - INFO - Worker kw18 processing /app/data/gemtektechnologycoltd2546/262/b4057o3/gtk-device-ui-sky-262/pages/basic_setting/lan/basic_setting-lan-lan4.js
2025-12-07 06:08:01,395 - Knowledge - INFO - Fast-tracked /app/data/gemtektechnologycoltd2546/262/b4057o3/gtk-device-ui-sky-262/lang/en/management_settings_multi_lang.json (ext=.json, size=164)
2025-12-07 06:08:01,526 - Knowledge - INFO - Fast-tracked /app/data/gemtektechnologycoltd2546/262/b4057o3/gtk-device-ui-sky-262/lang/en/status_dualImage.json (ext=.json, size=233)
2025-12-07 06:08:01,601 - Knowledge - INFO - Fast-tracked /app/data/gemtektechnologycoltd2546/262/b4057o3/gtk-device-ui-sky-262/pages/application/application-multicast.html (small file (2875 bytes))
2025-12-07 06:08:01,827 - Knowledge - INFO - Fast-tracked /app/data/gemtektechnologycoltd2546/262/b4057o3/gtk-device-ui-sky-262/pages/tabspage.html (ext=.html, size=1279)
2025-12-07 06:08:02,052 - Knowledge - INFO - Fast-tracked /app/data/gemtektechnologycoltd2546/262/b4057o3/gtk-device-ui-sky-262/pages/management/tools/management-tools-remotecapture.html (small file (2075 bytes))
2025-12-07 06:08:02,460 - Knowledge - INFO - Worker kw18 processing /app/data/gemtektechnologycoltd2546/262/b4057o3/gtk-device-ui-sky-262/pages/basic_setting/basic_setting-routing.html
2025-12-07 06:08:02,545 - Knowledge - INFO - Worker kw19 processing /app/data/gemtektechnologycoltd2546/262/b4057o3/gtk-device-ui-sky-262/lang/en/application_storage_storage_account.json
2025-12-07 06:08:02,653 - Knowledge - INFO - Worker kw20 processing /app/data/gemtektechnologycoltd2546/262/b4057o3/gtk-device-ui-sky-262/lang/en/application_ddns.json
2025-12-07 06:08:02,796 - Knowledge - INFO - Processing batch of 15 files
2025-12-07 06:08:02,966 - Knowledge - INFO - Fast-tracked /app/data/gemtektechnologycoltd2546/262/b4057o3/gtk-device-ui-sky-262/pages/management/management-opmode.html (small file (2639 bytes))
2025-12-07 06:08:03,067 - Knowledge - INFO - Fast-tracked /app/data/gemtektechnologycoltd2546/262/b4057o3/gtk-device-ui-sky-262/pages/basic_setting/basic_setting-routing.html (ext=.html, size=1255)
2025-12-07 06:08:03,180 - Knowledge - INFO - Fast-tracked /app/data/gemtektechnologycoltd2546/262/b4057o3/gtk-device-ui-sky-262/lang/en/application_storage_storage_account.json (ext=.json, size=677)
2025-12-07 06:08:03,332 - Knowledge - INFO - Fast-tracked /app/data/gemtektechnologycoltd2546/262/b4057o3/gtk-device-ui-sky-262/lang/en/application_ddns.json (ext=.json, size=1166)
2025-12-07 06:08:03,441 - Knowledge - INFO - process ingested knowledge for /app/data/gemtektechnologycoltd2546/262/b4057o3/gtk-device-ui-sky-262/pages/status/status-lan.js
2025-12-07 06:08:03,757 - Knowledge - INFO - Worker kw19 processing /app/data/gemtektechnologycoltd2546/262/b4057o3/gtk-device-ui-sky-262/lang/en/basic_setting_wlan_wifi_chs5.json
2025-12-07 06:08:03,761 - Knowledge - INFO - [LLM_CALL] Completed: dialog-pc-dev-password.html:chunk1, Duration: 13483ms, PromptTokens: 3098, CompletionTokens: 59, Cost: $0.00033
2025-12-07 06:08:03,883 - Knowledge - INFO - Worker kw20 processing /app/data/gemtektechnologycoltd2546/262/b4057o3/gtk-device-ui-sky-262/lang/en/basic_setting_wlan_wireless_connection.json
2025-12-07 06:08:03,963 - Knowledge - INFO - process ingested knowledge for /app/data/gemtektechnologycoltd2546/262/b4057o3/gtk-device-ui-sky-262/pages/status/status-statistics.js
2025-12-07 06:08:04,074 - Knowledge - INFO - Fast-tracked /app/data/gemtektechnologycoltd2546/262/b4057o3/gtk-device-ui-sky-262/lang/en/basic_setting_wlan_wifi_chs5.json (ext=.json, size=190)
2025-12-07 06:08:04,157 - Knowledge - INFO - done ingest for /app/data/gemtektechnologycoltd2546/262/b4057o3/gtk-device-ui-sky-262/dialog/dialog-pc-dev-password.html
2025-12-07 06:08:04,298 - Knowledge - INFO - Fast-tracked /app/data/gemtektechnologycoltd2546/262/b4057o3/gtk-device-ui-sky-262/lang/en/basic_setting_wlan_wireless_connection.json (ext=.json, size=1234)
2025-12-07 06:08:04,387 - Knowledge - INFO - process ingested knowledge for /app/data/gemtektechnologycoltd2546/262/b4057o3/gtk-device-ui-sky-262/pages/status/status-ispLocking.jsx
2025-12-07 06:08:04,482 - Knowledge - INFO - Worker kw19 processing /app/data/gemtektechnologycoltd2546/262/b4057o3/gtk-device-ui-sky-262/lang/en/basic_setting_wlan_mpt.json
2025-12-07 06:08:04,660 - Knowledge - INFO - Worker kw20 processing /app/data/gemtektechnologycoltd2546/262/b4057o3/gtk-device-ui-sky-262/lang/en/basic_setting_wlan_wifi_basic5.json
2025-12-07 06:08:04,767 - Knowledge - INFO - process ingested knowledge for /app/data/gemtektechnologycoltd2546/262/b4057o3/gtk-device-ui-sky-262/pages/status/status-ispLocking.html
2025-12-07 06:08:04,892 - Knowledge - INFO - Fast-tracked /app/data/gemtektechnologycoltd2546/262/b4057o3/gtk-device-ui-sky-262/lang/en/basic_setting_wlan_mpt.json (ext=.json, size=69)
2025-12-07 06:08:05,186 - Knowledge - INFO - Fast-tracked /app/data/gemtektechnologycoltd2546/262/b4057o3/gtk-device-ui-sky-262/lang/en/basic_setting_wlan_wifi_basic5.json (ext=.json, size=433)
2025-12-07 06:08:05,266 - Knowledge - INFO - process ingested knowledge for /app/data/gemtektechnologycoltd2546/262/b4057o3/gtk-device-ui-sky-262/pages/status/status-lan.jsx
2025-12-07 06:08:05,486 - Knowledge - INFO - Worker kw20 processing /app/data/gemtektechnologycoltd2546/262/b4057o3/gtk-device-ui-sky-262/lang/en/basic_setting_nat_alg.json
2025-12-07 06:08:05,606 - Knowledge - INFO - process ingested knowledge for /app/data/gemtektechnologycoltd2546/262/b4057o3/gtk-device-ui-sky-262/pages/status/status-ispLocking.js
2025-12-07 06:08:05,692 - Knowledge - INFO - Fast-tracked /app/data/gemtektechnologycoltd2546/262/b4057o3/gtk-device-ui-sky-262/lang/en/basic_setting_nat_alg.json (ext=.json, size=223)
2025-12-07 06:08:05,801 - Knowledge - INFO - process ingested knowledge for /app/data/gemtektechnologycoltd2546/262/b4057o3/gtk-device-ui-sky-262/pages/status/status-lan.html
2025-12-07 06:08:05,880 - Knowledge - INFO - Worker kw20 processing /app/data/gemtektechnologycoltd2546/262/b4057o3/gtk-device-ui-sky-262/lang/en/basic_setting_seciruty_ipfilter.json
2025-12-07 06:08:05,986 - Knowledge - INFO - process ingested knowledge for /app/data/gemtektechnologycoltd2546/262/b4057o3/gtk-device-ui-sky-262/pages/status/status-statistics.html
2025-12-07 06:08:06,115 - Knowledge - INFO - Fast-tracked /app/data/gemtektechnologycoltd2546/262/b4057o3/gtk-device-ui-sky-262/lang/en/basic_setting_seciruty_ipfilter.json (ext=.json, size=1594)
2025-12-07 06:08:06,217 - Knowledge - INFO - process ingested knowledge for /app/data/gemtektechnologycoltd2546/262/b4057o3/gtk-device-ui-sky-262/pages/status/status-statistics.jsx
2025-12-07 06:08:06,333 - Knowledge - INFO - Processing batch of 12 files
2025-12-07 06:08:06,573 - Knowledge - INFO - process ingested knowledge for /app/data/gemtektechnologycoltd2546/262/b4057o3/gtk-device-ui-sky-262/pages/application/application-multicast-igmpMultiVer.js
2025-12-07 06:08:06,778 - Knowledge - INFO - process ingested knowledge for /app/data/gemtektechnologycoltd2546/262/b4057o3/gtk-device-ui-sky-262/lang/en/management_opmode.json
2025-12-07 06:08:06,919 - Knowledge - INFO - process ingested knowledge for /app/data/gemtektechnologycoltd2546/262/b4057o3/gtk-device-ui-sky-262/pages/application/application-multicast-igmpMultiVer.html
2025-12-07 06:08:07,253 - Knowledge - INFO - process ingested knowledge for /app/data/gemtektechnologycoltd2546/262/b4057o3/gtk-device-ui-sky-262/lang/en/status_wifiNeighbor.json
2025-12-07 06:08:07,374 - Knowledge - INFO - process ingested knowledge for /app/data/gemtektechnologycoltd2546/262/b4057o3/gtk-device-ui-sky-262/pages/application/application-multicast-igmpMultiVer.jsx
2025-12-07 06:08:07,609 - Knowledge - INFO - process ingested knowledge for /app/data/gemtektechnologycoltd2546/262/b4057o3/gtk-device-ui-sky-262/lang/en/management_settings_fw_upgrade.json
2025-12-07 06:08:07,722 - Knowledge - INFO - process ingested knowledge for /app/data/gemtektechnologycoltd2546/262/b4057o3/gtk-device-ui-sky-262/pages/application/application-multicast.js
2025-12-07 06:08:07,842 - Knowledge - INFO - process ingested knowledge for /app/data/gemtektechnologycoltd2546/262/b4057o3/gtk-device-ui-sky-262/lang/en/basic_setting_seciruty_macfilter.json
2025-12-07 06:08:07,997 - Knowledge - INFO - process ingested knowledge for /app/data/gemtektechnologycoltd2546/262/b4057o3/gtk-device-ui-sky-262/pages/application/application-multicast.jsx
2025-12-07 06:08:08,172 - Knowledge - INFO - process ingested knowledge for /app/data/gemtektechnologycoltd2546/262/b4057o3/gtk-device-ui-sky-262/lang/en/basic_setting_wlan_mesh.json
2025-12-07 06:08:08,236 - Knowledge - INFO - process ingested knowledge for /app/data/gemtektechnologycoltd2546/262/b4057o3/gtk-device-ui-sky-262/pages/application/application-multicast.html
2025-12-07 06:08:08,428 - Knowledge - INFO - process ingested knowledge for /app/data/gemtektechnologycoltd2546/262/b4057o3/gtk-device-ui-sky-262/lang/en/management_tools_remotecapture.json
2025-12-07 06:08:08,689 - Knowledge - INFO - Fast-tracked /app/data/gemtektechnologycoltd2546/262/b4057o3/gtk-device-ui-sky-262/pages/management/settings/management-settings-multi_lang.js (small file (2757 bytes))
2025-12-07 06:08:08,829 - Knowledge - INFO - process ingested knowledge for /app/data/gemtektechnologycoltd2546/262/b4057o3/gtk-device-ui-sky-262/lang/en/status_dualImage.json
2025-12-07 06:08:08,870 - Knowledge - INFO - [LLM_CALL] Completed: adv_setting-usp_agent.js:chunk1, Duration: 12465ms, PromptTokens: 3544, CompletionTokens: 867, Cost: $0.00070
2025-12-07 06:08:09,063 - Knowledge - INFO - process ingested knowledge for /app/data/gemtektechnologycoltd2546/262/b4057o3/gtk-device-ui-sky-262/lang/en/application_ddns.json
2025-12-07 06:08:09,113 - Knowledge - INFO - done ingest for /app/data/gemtektechnologycoltd2546/262/b4057o3/gtk-device-ui-sky-262/pages/adv_setting/adv_setting-usp_agent.js
2025-12-07 06:08:09,277 - Knowledge - INFO - process ingested knowledge for /app/data/gemtektechnologycoltd2546/262/b4057o3/gtk-device-ui-sky-262/lang/en/basic_setting_wlan_wireless_connection.json
2025-12-07 06:08:09,496 - Knowledge - INFO - process ingested knowledge for /app/data/gemtektechnologycoltd2546/262/b4057o3/gtk-device-ui-sky-262/lang/en/basic_setting_wlan_wifi_basic5.json
2025-12-07 06:08:09,515 - Knowledge - INFO - Processing batch of 15 files
2025-12-07 06:08:09,782 - Knowledge - INFO - process ingested knowledge for /app/data/gemtektechnologycoltd2546/262/b4057o3/gtk-device-ui-sky-262/lang/en/basic_setting_nat_alg.json
2025-12-07 06:08:09,831 - Knowledge - INFO - process ingested knowledge for /app/data/gemtektechnologycoltd2546/262/b4057o3/gtk-device-ui-sky-262/dialog/dialog-strt.html
2025-12-07 06:08:09,981 - Knowledge - INFO - process ingested knowledge for /app/data/gemtektechnologycoltd2546/262/b4057o3/gtk-device-ui-sky-262/lang/en/basic_setting_seciruty_ipfilter.json
2025-12-07 06:08:10,079 - Knowledge - INFO - Fast-tracked /app/data/gemtektechnologycoltd2546/262/b4057o3/gtk-device-ui-sky-262/pages/status/status-wifiNeighbor.html (small file (2711 bytes))
2025-12-07 06:08:10,082 - Knowledge - INFO - process ingested knowledge for /app/data/gemtektechnologycoltd2546/262/b4057o3/gtk-device-ui-sky-262/dialog/dialog-opmode-error.html
2025-12-07 06:08:10,384 - Knowledge - INFO - [LLM_CALL] Completed: dialog-quicksetup.html:chunk1, Duration: 20183ms, PromptTokens: 54918, CompletionTokens: 122, Cost: $0.00554
2025-12-07 06:08:10,546 - Knowledge - INFO - process ingested knowledge for /app/data/gemtektechnologycoltd2546/262/b4057o3/gtk-device-ui-sky-262/dialog/dialog-meshmap.html
2025-12-07 06:08:10,583 - Knowledge - INFO - done ingest for /app/data/gemtektechnologycoltd2546/262/b4057o3/gtk-device-ui-sky-262/dialog/dialog-quicksetup.html
2025-12-07 06:08:10,628 - Knowledge - INFO - [WEBSOCKET] Sent: Type=progress_update, Size: 290, Duration: 0ms
2025-12-07 06:08:10,816 - Knowledge - INFO - process ingested knowledge for /app/data/gemtektechnologycoltd2546/262/b4057o3/gtk-device-ui-sky-262/dialog/dialog-pc-dev-password.html
2025-12-07 06:08:10,984 - Knowledge - INFO - [WEBSOCKET] Sent: Type=unknown, Size: ?, Duration: 356ms
2025-12-07 06:08:11,212 - Knowledge - INFO - Progress: 10.7% | Files: 42/393 | Rate: 0.62 files/sec | Queue: 111
2025-12-07 06:08:11,509 - Knowledge - INFO - process ingested knowledge for /app/data/gemtektechnologycoltd2546/262/b4057o3/gtk-device-ui-sky-262/dialog/dialog-wan-more-info.html
2025-12-07 06:08:11,560 - Knowledge - INFO - [kw5] Queue=111, InProgress=0, PendingWorkers=20/20, Completed=42/393 (10.7%)
2025-12-07 06:08:11,569 - Knowledge - INFO - [LLM_CALL] Completed: dialog-pfr.html:chunk1, Duration: 24939ms, PromptTokens: 5942, CompletionTokens: 335, Cost: $0.00073
2025-12-07 06:08:11,809 - Knowledge - INFO - process ingested knowledge for /app/data/gemtektechnologycoltd2546/262/b4057o3/gtk-device-ui-sky-262/dialog/dialog-meshlog.html
2025-12-07 06:08:11,829 - Knowledge - INFO - Batch sizing: calculated=12, max_allowed=25, queue=111, active_workers=20/20
2025-12-07 06:08:11,950 - Knowledge - INFO - done ingest for /app/data/gemtektechnologycoltd2546/262/b4057o3/gtk-device-ui-sky-262/dialog/dialog-pfr.html
2025-12-07 06:08:12,098 - Knowledge - INFO - process ingested knowledge for /app/data/gemtektechnologycoltd2546/262/b4057o3/gtk-device-ui-sky-262/pages/adv_setting/adv_setting-telnet.html
2025-12-07 06:08:12,119 - Knowledge - INFO - [kw20] Queue=111, InProgress=0, PendingWorkers=20/20, Completed=42/393 (10.7%)
2025-12-07 06:08:12,174 - Knowledge - INFO - Async storing batch of 15 embeddings
2025-12-07 06:08:12,445 - Knowledge - INFO - process ingested knowledge for /app/data/gemtektechnologycoltd2546/262/b4057o3/gtk-device-ui-sky-262/pages/adv_setting/adv_setting-telnet.jsx
2025-12-07 06:08:12,551 - Knowledge - INFO - Batch sizing: calculated=12, max_allowed=25, queue=111, active_workers=20/20
2025-12-07 06:08:12,788 - Knowledge - INFO - Worker kw5 processing /app/data/gemtektechnologycoltd2546/262/b4057o3/gtk-device-ui-sky-262/lang/en/adv_setting_qos.json
2025-12-07 06:08:12,835 - Knowledge - INFO - process ingested knowledge for /app/data/gemtektechnologycoltd2546/262/b4057o3/gtk-device-ui-sky-262/pages/adv_setting/adv_setting-telnet.js
2025-12-07 06:08:12,884 - Knowledge - INFO - [LLM_CALL] Completed: dialog-usp-agent.html:chunk1, Duration: 25185ms, PromptTokens: 2892, CompletionTokens: 494, Cost: $0.00049
2025-12-07 06:08:13,025 - Knowledge - INFO - Fast-tracked /app/data/gemtektechnologycoltd2546/262/b4057o3/gtk-device-ui-sky-262/lang/en/adv_setting_qos.json (ext=.json, size=2067)
2025-12-07 06:08:13,103 - Knowledge - INFO - process ingested knowledge for /app/data/gemtektechnologycoltd2546/262/b4057o3/gtk-device-ui-sky-262/pages/adv_setting/adv_setting-ssh.jsx
2025-12-07 06:08:13,192 - Knowledge - INFO - done ingest for /app/data/gemtektechnologycoltd2546/262/b4057o3/gtk-device-ui-sky-262/dialog/dialog-usp-agent.html
2025-12-07 06:08:13,192 - Knowledge - INFO - Async storing batch of 12 embeddings
2025-12-07 06:08:13,314 - Knowledge - INFO - Worker kw5 processing /app/data/gemtektechnologycoltd2546/262/b4057o3/gtk-device-ui-sky-262/lang/en/basic_setting_nat_portforward.json
2025-12-07 06:08:13,415 - Knowledge - INFO - process ingested knowledge for /app/data/gemtektechnologycoltd2546/262/b4057o3/gtk-device-ui-sky-262/pages/adv_setting/adv_setting-usp_agent.js
2025-12-07 06:08:13,719 - Knowledge - INFO - Worker kw20 processing /app/data/gemtektechnologycoltd2546/262/b4057o3/gtk-device-ui-sky-262/lang/en/management_ntp.json
2025-12-07 06:08:13,886 - Knowledge - INFO - Fast-tracked /app/data/gemtektechnologycoltd2546/262/b4057o3/gtk-device-ui-sky-262/lang/en/basic_setting_nat_portforward.json (ext=.json, size=1291)
2025-12-07 06:08:13,973 - Knowledge - INFO - process ingested knowledge for /app/data/gemtektechnologycoltd2546/262/b4057o3/gtk-device-ui-sky-262/pages/adv_setting/adv_setting-ssh.html
2025-12-07 06:08:14,112 - Knowledge - INFO - Fast-tracked /app/data/gemtektechnologycoltd2546/262/b4057o3/gtk-device-ui-sky-262/lang/en/management_ntp.json (ext=.json, size=3161)
2025-12-07 06:08:14,115 - Knowledge - INFO - [LLM_CALL] Completed: dialog-qos-add.html:chunk1, Duration: 20979ms, PromptTokens: 3910, CompletionTokens: 657, Cost: $0.00065
2025-12-07 06:08:14,221 - Knowledge - INFO - Worker kw5 processing /app/data/gemtektechnologycoltd2546/262/b4057o3/gtk-device-ui-sky-262/lang/en/management_tools_traceroute.json
2025-12-07 06:08:14,328 - Knowledge - INFO - process ingested knowledge for /app/data/gemtektechnologycoltd2546/262/b4057o3/gtk-device-ui-sky-262/pages/adv_setting/adv_setting-ssh.js
2025-12-07 06:08:14,422 - Knowledge - INFO - Worker kw20 processing /app/data/gemtektechnologycoltd2546/262/b4057o3/gtk-device-ui-sky-262/lang/en/adv_setting_parental_control.json
2025-12-07 06:08:14,502 - Knowledge - INFO - done ingest for /app/data/gemtektechnologycoltd2546/262/b4057o3/gtk-device-ui-sky-262/dialog/dialog-qos-add.html
2025-12-07 06:08:14,623 - Knowledge - INFO - Fast-tracked /app/data/gemtektechnologycoltd2546/262/b4057o3/gtk-device-ui-sky-262/lang/en/management_tools_traceroute.json (ext=.json, size=557)
2025-12-07 06:08:14,705 - Knowledge - INFO - process ingested knowledge for /app/data/gemtektechnologycoltd2546/262/b4057o3/gtk-device-ui-sky-262/pages/adv_setting/adv_setting-usp_agent.html
2025-12-07 06:08:14,806 - Knowledge - INFO - Fast-tracked /app/data/gemtektechnologycoltd2546/262/b4057o3/gtk-device-ui-sky-262/lang/en/adv_setting_parental_control.json (ext=.json, size=2862)
2025-12-07 06:08:14,926 - Knowledge - INFO - Processing batch of 15 files
2025-12-07 06:08:15,003 - Knowledge - INFO - Worker kw5 processing /app/data/gemtektechnologycoltd2546/262/b4057o3/gtk-device-ui-sky-262/lang/en/attendtion.json
2025-12-07 06:08:15,127 - Knowledge - INFO - process ingested knowledge for /app/data/gemtektechnologycoltd2546/262/b4057o3/gtk-device-ui-sky-262/pages/adv_setting/adv_setting-usp_agent.jsx
2025-12-07 06:08:15,243 - Knowledge - INFO - Worker kw20 processing /app/data/gemtektechnologycoltd2546/262/b4057o3/gtk-device-ui-sky-262/lang/en/error_message.json
2025-12-07 06:08:15,350 - Knowledge - INFO - process ingested knowledge for /app/data/gemtektechnologycoltd2546/262/b4057o3/gtk-device-ui-sky-262/dialog/dialog-test.html
2025-12-07 06:08:15,431 - Knowledge - INFO - Fast-tracked /app/data/gemtektechnologycoltd2546/262/b4057o3/gtk-device-ui-sky-262/lang/en/attendtion.json (ext=.json, size=388)
2025-12-07 06:08:15,624 - Knowledge - INFO - Fast-tracked /app/data/gemtektechnologycoltd2546/262/b4057o3/gtk-device-ui-sky-262/lang/en/error_message.json (ext=.json, size=4784)
2025-12-07 06:08:15,774 - Knowledge - INFO - process ingested knowledge for /app/data/gemtektechnologycoltd2546/262/b4057o3/gtk-device-ui-sky-262/dialog/dialog-pc-dev-list.html
2025-12-07 06:08:15,806 - Knowledge - INFO - Worker kw5 processing /app/data/gemtektechnologycoltd2546/262/b4057o3/gtk-device-ui-sky-262/lang/en/basic_setting_wlan_wifi_adv2.json
2025-12-07 06:08:15,923 - Knowledge - INFO - Worker kw20 processing /app/data/gemtektechnologycoltd2546/262/b4057o3/gtk-device-ui-sky-262/lang/en/status_statistics.json
2025-12-07 06:08:16,002 - Knowledge - INFO - process ingested knowledge for /app/data/gemtektechnologycoltd2546/262/b4057o3/gtk-device-ui-sky-262/dialog/dialog-pfr.html
2025-12-07 06:08:16,084 - Knowledge - INFO - Fast-tracked /app/data/gemtektechnologycoltd2546/262/b4057o3/gtk-device-ui-sky-262/lang/en/basic_setting_wlan_wifi_adv2.json (ext=.json, size=381)
2025-12-07 06:08:16,192 - Knowledge - INFO - Fast-tracked /app/data/gemtektechnologycoltd2546/262/b4057o3/gtk-device-ui-sky-262/lang/en/status_statistics.json (ext=.json, size=511)
2025-12-07 06:08:16,342 - Knowledge - INFO - process ingested knowledge for /app/data/gemtektechnologycoltd2546/262/b4057o3/gtk-device-ui-sky-262/dialog/dialog-usp-agent.html
2025-12-07 06:08:16,371 - Knowledge - INFO - Worker kw5 processing /app/data/gemtektechnologycoltd2546/262/b4057o3/gtk-device-ui-sky-262/lang/en/parental_control_blocked.json
2025-12-07 06:08:16,461 - Knowledge - INFO - Worker kw20 processing /app/data/gemtektechnologycoltd2546/262/b4057o3/gtk-device-ui-sky-262/lang/en/quicksetup.json
2025-12-07 06:08:16,626 - Knowledge - INFO - process ingested knowledge for /app/data/gemtektechnologycoltd2546/262/b4057o3/gtk-device-ui-sky-262/dialog/dialog-pc-dev-rename.html
2025-12-07 06:08:16,669 - Knowledge - INFO - Fast-tracked /app/data/gemtektechnologycoltd2546/262/b4057o3/gtk-device-ui-sky-262/lang/en/parental_control_blocked.json (ext=.json, size=423)
2025-12-07 06:08:16,775 - Knowledge - INFO - Fast-tracked /app/data/gemtektechnologycoltd2546/262/b4057o3/gtk-device-ui-sky-262/lang/en/quicksetup.json (ext=.json, size=70701)
2025-12-07 06:08:16,909 - Knowledge - INFO - process ingested knowledge for /app/data/gemtektechnologycoltd2546/262/b4057o3/gtk-device-ui-sky-262/dialog/dialog-dhcp-reserved.html
2025-12-07 06:08:16,940 - Knowledge - INFO - [WEBSOCKET] Sent: Type=progress_update, Size: 289, Duration: 0ms
2025-12-07 06:08:16,999 - Knowledge - INFO - Worker kw5 processing /app/data/gemtektechnologycoltd2546/262/b4057o3/gtk-device-ui-sky-262/lang/en/management_tools_ping.json
2025-12-07 06:08:17,123 - Knowledge - INFO - Worker kw20 processing /app/data/gemtektechnologycoltd2546/262/b4057o3/gtk-device-ui-sky-262/lang/en/status_ispLocking.json
2025-12-07 06:08:17,241 - Knowledge - INFO - process ingested knowledge for /app/data/gemtektechnologycoltd2546/262/b4057o3/gtk-device-ui-sky-262/dialog/dialog-meshtopology.html
2025-12-07 06:08:17,351 - Knowledge - INFO - [WEBSOCKET] Sent: Type=unknown, Size: ?, Duration: 412ms
2025-12-07 06:08:17,458 - Knowledge - INFO - Fast-tracked /app/data/gemtektechnologycoltd2546/262/b4057o3/gtk-device-ui-sky-262/lang/en/management_tools_ping.json (ext=.json, size=641)
2025-12-07 06:08:17,567 - Knowledge - INFO - Fast-tracked /app/data/gemtektechnologycoltd2546/262/b4057o3/gtk-device-ui-sky-262/lang/en/status_ispLocking.json (ext=.json, size=71)
2025-12-07 06:08:17,672 - Knowledge - INFO - process ingested knowledge for /app/data/gemtektechnologycoltd2546/262/b4057o3/gtk-device-ui-sky-262/dialog/dialog-wlan-ext-manual-conn.html
2025-12-07 06:08:17,788 - Knowledge - INFO - Progress: 14.5% | Files: 57/393 | Rate: 0.77 files/sec | Queue: 87
2025-12-07 06:08:17,867 - Knowledge - INFO - Worker kw5 processing /app/data/gemtektechnologycoltd2546/262/b4057o3/gtk-device-ui-sky-262/lang/en/application_dlna.json
2025-12-07 06:08:17,949 - Knowledge - INFO - Worker kw20 processing /app/data/gemtektechnologycoltd2546/262/b4057o3/gtk-device-ui-sky-262/lang/en/basic_setting_routing.json
2025-12-07 06:08:18,060 - Knowledge - INFO - process ingested knowledge for /app/data/gemtektechnologycoltd2546/262/b4057o3/gtk-device-ui-sky-262/dialog/dialog-acl-add.html
2025-12-07 06:08:18,162 - Knowledge - INFO - [kw2] Queue=87, InProgress=0, PendingWorkers=20/20, Completed=57/393 (14.5%)
2025-12-07 06:08:18,241 - Knowledge - INFO - Fast-tracked /app/data/gemtektechnologycoltd2546/262/b4057o3/gtk-device-ui-sky-262/lang/en/application_dlna.json (ext=.json, size=240)
2025-12-07 06:08:18,345 - Knowledge - INFO - Fast-tracked /app/data/gemtektechnologycoltd2546/262/b4057o3/gtk-device-ui-sky-262/pages/basic_setting/seciruty/basic_setting-seciruty-macfilter.html (small file (3025 bytes))
2025-12-07 06:08:18,361 - Knowledge - INFO - Fast-tracked /app/data/gemtektechnologycoltd2546/262/b4057o3/gtk-device-ui-sky-262/lang/en/basic_setting_routing.json (ext=.json, size=764)
2025-12-07 06:08:18,445 - Knowledge - INFO - process ingested knowledge for /app/data/gemtektechnologycoltd2546/262/b4057o3/gtk-device-ui-sky-262/dialog/dialog-pc-dev-auth.html
2025-12-07 06:08:18,524 - Knowledge - INFO - Batch sizing: calculated=10, max_allowed=25, queue=87, active_workers=20/20
2025-12-07 06:08:18,604 - Knowledge - INFO - Worker kw5 processing /app/data/gemtektechnologycoltd2546/262/b4057o3/gtk-device-ui-sky-262/lang/en/wlan_wifi_adv_common.json
2025-12-07 06:08:18,818 - Knowledge - INFO - Worker kw20 processing /app/data/gemtektechnologycoltd2546/262/b4057o3/gtk-device-ui-sky-262/lang/en/application_upnp.json
2025-12-07 06:08:18,870 - Knowledge - INFO - Fast-tracked /app/data/gemtektechnologycoltd2546/262/b4057o3/gtk-device-ui-sky-262/pages/wlan/wifi_indep2/wlan-wifi_indep2-configuration2.html (small file (2110 bytes))
2025-12-07 06:08:18,903 - Knowledge - INFO - process ingested knowledge for /app/data/gemtektechnologycoltd2546/262/b4057o3/gtk-device-ui-sky-262/dialog/dialog-quicksetup.html
2025-12-07 06:08:18,996 - Knowledge - INFO - Async storing batch of 15 embeddings
2025-12-07 06:08:19,076 - Knowledge - INFO - Fast-tracked /app/data/gemtektechnologycoltd2546/262/b4057o3/gtk-device-ui-sky-262/lang/en/wlan_wifi_adv_common.json (ext=.json, size=81)
2025-12-07 06:08:19,188 - Knowledge - INFO - Fast-tracked /app/data/gemtektechnologycoltd2546/262/b4057o3/gtk-device-ui-sky-262/lang/en/application_upnp.json (ext=.json, size=163)
2025-12-07 06:08:19,363 - Knowledge - INFO - process ingested knowledge for /app/data/gemtektechnologycoltd2546/262/b4057o3/gtk-device-ui-sky-262/dialog/dialog-qos-add.html
2025-12-07 06:08:19,450 - Knowledge - INFO - Worker kw2 processing /app/data/gemtektechnologycoltd2546/262/b4057o3/gtk-device-ui-sky-262/lang/en/status_wan.json
2025-12-07 06:08:19,540 - Knowledge - INFO - Worker kw5 processing /app/data/gemtektechnologycoltd2546/262/b4057o3/gtk-device-ui-sky-262/lang/en/management_settings_backup.json
2025-12-07 06:08:19,654 - Knowledge - INFO - Worker kw20 processing /app/data/gemtektechnologycoltd2546/262/b4057o3/gtk-device-ui-sky-262/lang/en/basic_setting_wlan_wifi_zone.json
2025-12-07 06:08:19,732 - Knowledge - INFO - process ingested knowledge for /app/data/gemtektechnologycoltd2546/262/b4057o3/gtk-device-ui-sky-262/dialog/dialog-att-devices.html
2025-12-07 06:08:19,833 - Knowledge - INFO - Fast-tracked /app/data/gemtektechnologycoltd2546/262/b4057o3/gtk-device-ui-sky-262/lang/en/status_wan.json (ext=.json, size=909)
2025-12-07 06:08:19,974 - Knowledge - INFO - Fast-tracked /app/data/gemtektechnologycoltd2546/262/b4057o3/gtk-device-ui-sky-262/lang/en/management_settings_backup.json (ext=.json, size=599)
2025-12-07 06:08:20,108 - Knowledge - INFO - Fast-tracked /app/data/gemtektechnologycoltd2546/262/b4057o3/gtk-device-ui-sky-262/lang/en/basic_setting_wlan_wifi_zone.json (ext=.json, size=468)
2025-12-07 06:08:20,210 - Knowledge - INFO - process ingested knowledge for /app/data/gemtektechnologycoltd2546/262/b4057o3/gtk-device-ui-sky-262/dialog/dialog-wlan-changemode-confirm.html
2025-12-07 06:08:20,312 - Knowledge - INFO - Worker kw2 processing /app/data/gemtektechnologycoltd2546/262/b4057o3/gtk-device-ui-sky-262/lang/en/management_account.json
2025-12-07 06:08:20,403 - Knowledge - INFO - Worker kw5 processing /app/data/gemtektechnologycoltd2546/262/b4057o3/gtk-device-ui-sky-262/lang/en/adv_setting_cwmp.json
2025-12-07 06:08:20,504 - Knowledge - INFO - Worker kw20 processing /app/data/gemtektechnologycoltd2546/262/b4057o3/gtk-device-ui-sky-262/lang/en/basic_setting_lan_lan6.json
2025-12-07 06:08:20,615 - Knowledge - INFO - process ingested knowledge for /app/data/gemtektechnologycoltd2546/262/b4057o3/gtk-device-ui-sky-262/dialog/dialog-pc-dev-forgot-pwd.html
2025-12-07 06:08:20,728 - Knowledge - INFO - Fast-tracked /app/data/gemtektechnologycoltd2546/262/b4057o3/gtk-device-ui-sky-262/lang/en/management_account.json (ext=.json, size=907)
2025-12-07 06:08:20,809 - Knowledge - INFO - Fast-tracked /app/data/gemtektechnologycoltd2546/262/b4057o3/gtk-device-ui-sky-262/lang/en/adv_setting_cwmp.json (ext=.json, size=855)
2025-12-07 06:08:20,900 - Knowledge - INFO - Fast-tracked /app/data/gemtektechnologycoltd2546/262/b4057o3/gtk-device-ui-sky-262/lang/en/basic_setting_lan_lan6.json (ext=.json, size=940)
2025-12-07 06:08:21,152 - Knowledge - INFO - Worker kw2 processing /app/data/gemtektechnologycoltd2546/262/b4057o3/gtk-device-ui-sky-262/lang/en/basic_setting_wan_wan.json
2025-12-07 06:08:21,270 - Knowledge - INFO - Worker kw5 processing /app/data/gemtektechnologycoltd2546/262/b4057o3/gtk-device-ui-sky-262/lang/en/status_lan.json
2025-12-07 06:08:21,385 - Knowledge - INFO - Worker kw20 processing /app/data/gemtektechnologycoltd2546/262/b4057o3/gtk-device-ui-sky-262/lang/en/login.json
2025-12-07 06:08:21,506 - Knowledge - INFO - Fast-tracked /app/data/gemtektechnologycoltd2546/262/b4057o3/gtk-device-ui-sky-262/lang/en/basic_setting_wan_wan.json (ext=.json, size=1892)
2025-12-07 06:08:21,597 - Knowledge - INFO - Fast-tracked /app/data/gemtektechnologycoltd2546/262/b4057o3/gtk-device-ui-sky-262/lang/en/status_lan.json (ext=.json, size=680)
2025-12-07 06:08:21,855 - Knowledge - INFO - Fast-tracked /app/data/gemtektechnologycoltd2546/262/b4057o3/gtk-device-ui-sky-262/lang/en/login.json (ext=.json, size=415)
2025-12-07 06:08:21,956 - Knowledge - INFO - Worker kw2 processing /app/data/gemtektechnologycoltd2546/262/b4057o3/gtk-device-ui-sky-262/lang/en/application_storage_ftp.json
2025-12-07 06:08:22,054 - Knowledge - INFO - Async storage completed for 15 embeddings
2025-12-07 06:08:22,141 - Knowledge - INFO - Worker kw20 processing /app/data/gemtektechnologycoltd2546/262/b4057o3/gtk-device-ui-sky-262/lang/en/common.json
2025-12-07 06:08:22,231 - Knowledge - INFO - Fast-tracked /app/data/gemtektechnologycoltd2546/262/b4057o3/gtk-device-ui-sky-262/lang/en/application_storage_ftp.json (ext=.json, size=170)
2025-12-07 06:08:22,377 - Knowledge - INFO - Processing batch of 12 files
2025-12-07 06:08:22,442 - Knowledge - INFO - Fast-tracked /app/data/gemtektechnologycoltd2546/262/b4057o3/gtk-device-ui-sky-262/lang/en/common.json (ext=.json, size=1287)
2025-12-07 06:08:22,546 - Knowledge - INFO - Worker kw2 processing /app/data/gemtektechnologycoltd2546/262/b4057o3/gtk-device-ui-sky-262/lang/en/status_throughtput.json
2025-12-07 06:08:22,647 - Knowledge - INFO - process ingested knowledge for /app/data/gemtektechnologycoltd2546/262/b4057o3/gtk-device-ui-sky-262/lang/en/adv_setting_qos.json
2025-12-07 06:08:22,711 - Knowledge - INFO - [WEBSOCKET] Sent: Type=progress_update, Size: 290, Duration: 0ms
2025-12-07 06:08:22,738 - Knowledge - INFO - Async storage completed for 12 embeddings
2025-12-07 06:08:22,808 - Knowledge - INFO - Fast-tracked /app/data/gemtektechnologycoltd2546/262/b4057o3/gtk-device-ui-sky-262/lang/en/status_throughtput.json (ext=.json, size=141)
2025-12-07 06:08:22,892 - Knowledge - INFO - process ingested knowledge for /app/data/gemtektechnologycoltd2546/262/b4057o3/gtk-device-ui-sky-262/lang/en/basic_setting_nat_portforward.json
2025-12-07 06:08:23,010 - Knowledge - INFO - [WEBSOCKET] Sent: Type=unknown, Size: ?, Duration: 299ms
2025-12-07 06:08:23,202 - Knowledge - INFO - Worker kw2 processing /app/data/gemtektechnologycoltd2546/262/b4057o3/gtk-device-ui-sky-262/lang/en/basic_setting_wlan_wifi_basic2.json
2025-12-07 06:08:23,303 - Knowledge - INFO - process ingested knowledge for /app/data/gemtektechnologycoltd2546/262/b4057o3/gtk-device-ui-sky-262/lang/en/management_tools_traceroute.json
2025-12-07 06:08:23,394 - Knowledge - INFO - Progress: 17.6% | Files: 81/393 | Rate: 1.02 files/sec | Queue: 77
2025-12-07 06:08:23,394 - Knowledge - INFO - Processing batch of 12 files
2025-12-07 06:08:23,597 - Knowledge - INFO - Fast-tracked /app/data/gemtektechnologycoltd2546/262/b4057o3/gtk-device-ui-sky-262/lang/en/basic_setting_wlan_wifi_basic2.json (ext=.json, size=511)
2025-12-07 06:08:23,727 - Knowledge - INFO - process ingested knowledge for /app/data/gemtektechnologycoltd2546/262/b4057o3/gtk-device-ui-sky-262/lang/en/attendtion.json
2025-12-07 06:08:23,809 - Knowledge - INFO - [kw1] Queue=77, InProgress=0, PendingWorkers=20/20, Completed=81/393 (20.6%)
2025-12-07 06:08:23,930 - Knowledge - INFO - process ingested knowledge for /app/data/gemtektechnologycoltd2546/262/b4057o3/gtk-device-ui-sky-262/lang/en/management_ntp.json
2025-12-07 06:08:24,056 - Knowledge - INFO - Worker kw2 processing /app/data/gemtektechnologycoltd2546/262/b4057o3/gtk-device-ui-sky-262/lang/en/adv_setting_usp_agent.json
2025-12-07 06:08:24,133 - Knowledge - INFO - process ingested knowledge for /app/data/gemtektechnologycoltd2546/262/b4057o3/gtk-device-ui-sky-262/lang/en/basic_setting_wlan_wifi_adv2.json
2025-12-07 06:08:24,225 - Knowledge - INFO - Batch sizing: calculated=10, max_allowed=25, queue=77, active_workers=20/20
2025-12-07 06:08:24,330 - Knowledge - INFO - process ingested knowledge for /app/data/gemtektechnologycoltd2546/262/b4057o3/gtk-device-ui-sky-262/lang/en/adv_setting_parental_control.json
2025-12-07 06:08:24,430 - Knowledge - INFO - Fast-tracked /app/data/gemtektechnologycoltd2546/262/b4057o3/gtk-device-ui-sky-262/lang/en/adv_setting_usp_agent.json (ext=.json, size=1037)
2025-12-07 06:08:24,547 - Knowledge - INFO - process ingested knowledge for /app/data/gemtektechnologycoltd2546/262/b4057o3/gtk-device-ui-sky-262/lang/en/parental_control_blocked.json
2025-12-07 06:08:24,631 - Knowledge - INFO - Async storing batch of 15 embeddings
2025-12-07 06:08:24,699 - Knowledge - INFO - process ingested knowledge for /app/data/gemtektechnologycoltd2546/262/b4057o3/gtk-device-ui-sky-262/lang/en/error_message.json
2025-12-07 06:08:24,782 - Knowledge - INFO - Worker kw2 processing /app/data/gemtektechnologycoltd2546/262/b4057o3/gtk-device-ui-sky-262/lang/en/basic_setting_wlan_wifi_adv5.json
2025-12-07 06:08:24,874 - Knowledge - INFO - process ingested knowledge for /app/data/gemtektechnologycoltd2546/262/b4057o3/gtk-device-ui-sky-262/lang/en/management_tools_ping.json
2025-12-07 06:08:24,975 - Knowledge - INFO - Worker kw1 processing /app/data/gemtektechnologycoltd2546/262/b4057o3/gtk-device-ui-sky-262/lang/en/menu.json
2025-12-07 06:08:25,077 - Knowledge - INFO - process ingested knowledge for /app/data/gemtektechnologycoltd2546/262/b4057o3/gtk-device-ui-sky-262/lang/en/status_statistics.json
2025-12-07 06:08:25,245 - Knowledge - INFO - Fast-tracked /app/data/gemtektechnologycoltd2546/262/b4057o3/gtk-device-ui-sky-262/lang/en/basic_setting_wlan_wifi_adv5.json (ext=.json, size=342)
2025-12-07 06:08:25,354 - Knowledge - INFO - process ingested knowledge for /app/data/gemtektechnologycoltd2546/262/b4057o3/gtk-device-ui-sky-262/lang/en/application_dlna.json
2025-12-07 06:08:25,435 - Knowledge - INFO - Fast-tracked /app/data/gemtektechnologycoltd2546/262/b4057o3/gtk-device-ui-sky-262/lang/en/menu.json (ext=.json, size=6157)
2025-12-07 06:08:25,519 - Knowledge - INFO - process ingested knowledge for /app/data/gemtektechnologycoltd2546/262/b4057o3/gtk-device-ui-sky-262/lang/en/quicksetup.json
2025-12-07 06:08:25,634 - Knowledge - INFO - Worker kw2 processing /app/data/gemtektechnologycoltd2546/262/b4057o3/gtk-device-ui-sky-262/lang/en/basic_setting_wlan_wifi_chs2.json
2025-12-07 06:08:25,726 - Knowledge - INFO - process ingested knowledge for /app/data/gemtektechnologycoltd2546/262/b4057o3/gtk-device-ui-sky-262/lang/en/wlan_wifi_adv_common.json
2025-12-07 06:08:25,826 - Knowledge - INFO - Worker kw1 processing /app/data/gemtektechnologycoltd2546/262/b4057o3/gtk-device-ui-sky-262/lang/en/adv_setting_ssh.json
2025-12-07 06:08:25,907 - Knowledge - INFO - process ingested knowledge for /app/data/gemtektechnologycoltd2546/262/b4057o3/gtk-device-ui-sky-262/lang/en/status_ispLocking.json
2025-12-07 06:08:26,004 - Knowledge - INFO - Fast-tracked /app/data/gemtektechnologycoltd2546/262/b4057o3/gtk-device-ui-sky-262/lang/en/basic_setting_wlan_wifi_chs2.json (ext=.json, size=188)
2025-12-07 06:08:26,090 - Knowledge - INFO - process ingested knowledge for /app/data/gemtektechnologycoltd2546/262/b4057o3/gtk-device-ui-sky-262/lang/en/management_settings_backup.json
2025-12-07 06:08:26,193 - Knowledge - INFO - Fast-tracked /app/data/gemtektechnologycoltd2546/262/b4057o3/gtk-device-ui-sky-262/lang/en/adv_setting_ssh.json (ext=.json, size=295)
2025-12-07 06:08:26,303 - Knowledge - INFO - process ingested knowledge for /app/data/gemtektechnologycoltd2546/262/b4057o3/gtk-device-ui-sky-262/lang/en/basic_setting_routing.json
2025-12-07 06:08:26,393 - Knowledge - INFO - Worker kw2 processing /app/data/gemtektechnologycoltd2546/262/b4057o3/gtk-device-ui-sky-262/lang/en/status_throughput.json
2025-12-07 06:08:26,470 - Knowledge - INFO - process ingested knowledge for /app/data/gemtektechnologycoltd2546/262/b4057o3/gtk-device-ui-sky-262/lang/en/adv_setting_cwmp.json
2025-12-07 06:08:26,548 - Knowledge - INFO - Worker kw1 processing /app/data/gemtektechnologycoltd2546/262/b4057o3/gtk-device-ui-sky-262/lang/en/application_multicast_igmp.json
2025-12-07 06:08:26,713 - Knowledge - INFO - process ingested knowledge for /app/data/gemtektechnologycoltd2546/262/b4057o3/gtk-device-ui-sky-262/lang/en/application_upnp.json
2025-12-07 06:08:26,832 - Knowledge - INFO - Fast-tracked /app/data/gemtektechnologycoltd2546/262/b4057o3/gtk-device-ui-sky-262/lang/en/status_throughput.json (ext=.json, size=137)
2025-12-07 06:08:26,942 - Knowledge - INFO - process ingested knowledge for /app/data/gemtektechnologycoltd2546/262/b4057o3/gtk-device-ui-sky-262/lang/en/status_lan.json
2025-12-07 06:08:27,041 - Knowledge - INFO - Fast-tracked /app/data/gemtektechnologycoltd2546/262/b4057o3/gtk-device-ui-sky-262/lang/en/application_multicast_igmp.json (ext=.json, size=370)
2025-12-07 06:08:27,123 - Knowledge - INFO - process ingested knowledge for /app/data/gemtektechnologycoltd2546/262/b4057o3/gtk-device-ui-sky-262/lang/en/basic_setting_wlan_wifi_zone.json
2025-12-07 06:08:27,246 - Knowledge - INFO - Async storage completed for 15 embeddings
2025-12-07 06:08:27,425 - Knowledge - INFO - Worker kw1 processing /app/data/gemtektechnologycoltd2546/262/b4057o3/gtk-device-ui-sky-262/lang/en/application_storage_share_floder.json
2025-12-07 06:08:27,612 - Knowledge - INFO - process ingested knowledge for /app/data/gemtektechnologycoltd2546/262/b4057o3/gtk-device-ui-sky-262/lang/en/basic_setting_lan_lan6.json
2025-12-07 06:08:27,698 - Knowledge - INFO - Processing batch of 10 files
2025-12-07 06:08:27,752 - Knowledge - INFO - Fast-tracked /app/data/gemtektechnologycoltd2546/262/b4057o3/gtk-device-ui-sky-262/lang/en/application_storage_share_floder.json (ext=.json, size=664)
2025-12-07 06:08:27,840 - Knowledge - INFO - process ingested knowledge for /app/data/gemtektechnologycoltd2546/262/b4057o3/gtk-device-ui-sky-262/lang/en/login.json
2025-12-07 06:08:27,931 - Knowledge - INFO - process ingested knowledge for /app/data/gemtektechnologycoltd2546/262/b4057o3/gtk-device-ui-sky-262/lang/en/status_wan.json
2025-12-07 06:08:28,024 - Knowledge - INFO - Worker kw1 processing /app/data/gemtektechnologycoltd2546/262/b4057o3/gtk-device-ui-sky-262/lang/en/basic_setting_wlan_wifi_guest.json
2025-12-07 06:08:28,126 - Knowledge - INFO - process ingested knowledge for /app/data/gemtektechnologycoltd2546/262/b4057o3/gtk-device-ui-sky-262/lang/en/common.json
2025-12-07 06:08:28,215 - Knowledge - INFO - process ingested knowledge for /app/data/gemtektechnologycoltd2546/262/b4057o3/gtk-device-ui-sky-262/lang/en/management_account.json
2025-12-07 06:08:28,346 - Knowledge - INFO - Fast-tracked /app/data/gemtektechnologycoltd2546/262/b4057o3/gtk-device-ui-sky-262/lang/en/basic_setting_wlan_wifi_guest.json (ext=.json, size=679)
2025-12-07 06:08:28,676 - Knowledge - INFO - process ingested knowledge for /app/data/gemtektechnologycoltd2546/262/b4057o3/gtk-device-ui-sky-262/lang/en/basic_setting_wan_wan.json
2025-12-07 06:08:28,816 - Knowledge - INFO - Worker kw1 processing /app/data/gemtektechnologycoltd2546/262/b4057o3/gtk-device-ui-sky-262/lang/en/management_tools_inform_ctrl.json
2025-12-07 06:08:29,133 - Knowledge - INFO - Fast-tracked /app/data/gemtektechnologycoltd2546/262/b4057o3/gtk-device-ui-sky-262/lang/en/management_tools_inform_ctrl.json (ext=.json, size=941)
2025-12-07 06:08:29,264 - Knowledge - INFO - Fast-tracked /app/data/gemtektechnologycoltd2546/262/b4057o3/gtk-device-ui-sky-262/pages/application/storage/application-storage-samba.html (small file (2123 bytes))
2025-12-07 06:08:29,657 - Knowledge - INFO - Worker kw1 processing /app/data/gemtektechnologycoltd2546/262/b4057o3/gtk-device-ui-sky-262/lang/en/basic_setting_nat_dmz.json
2025-12-07 06:08:29,901 - Knowledge - INFO - process ingested knowledge for /app/data/gemtektechnologycoltd2546/262/b4057o3/gtk-device-ui-sky-262/lang/en/application_storage_ftp.json
2025-12-07 06:08:29,911 - Knowledge - INFO - Fast-tracked /app/data/gemtektechnologycoltd2546/262/b4057o3/gtk-device-ui-sky-262/lang/en/basic_setting_nat_dmz.json (ext=.json, size=449)
2025-12-07 06:08:30,232 - Knowledge - INFO - [WEBSOCKET] Sent: Type=progress_update, Size: 290, Duration: 0ms
2025-12-07 06:08:30,239 - Knowledge - INFO - process ingested knowledge for /app/data/gemtektechnologycoltd2546/262/b4057o3/gtk-device-ui-sky-262/lang/en/status_throughtput.json
2025-12-07 06:08:30,257 - Knowledge - INFO - Worker kw1 processing /app/data/gemtektechnologycoltd2546/262/b4057o3/gtk-device-ui-sky-262/lang/en/application_storage_samba.json
2025-12-07 06:08:30,443 - Knowledge - INFO - [WEBSOCKET] Sent: Type=unknown, Size: ?, Duration: 211ms
2025-12-07 06:08:30,718 - Knowledge - INFO - process ingested knowledge for /app/data/gemtektechnologycoltd2546/262/b4057o3/gtk-device-ui-sky-262/lang/en/basic_setting_wlan_wifi_basic2.json
2025-12-07 06:08:30,724 - Knowledge - INFO - Fast-tracked /app/data/gemtektechnologycoltd2546/262/b4057o3/gtk-device-ui-sky-262/lang/en/application_storage_samba.json (ext=.json, size=341)
2025-12-07 06:08:30,815 - Knowledge - INFO - Progress: 23.2% | Files: 91/393 | Rate: 1.05 files/sec | Queue: 67
2025-12-07 06:08:30,936 - Knowledge - INFO - process ingested knowledge for /app/data/gemtektechnologycoltd2546/262/b4057o3/gtk-device-ui-sky-262/lang/en/adv_setting_usp_agent.json
2025-12-07 06:08:31,036 - Knowledge - INFO - Worker kw1 processing /app/data/gemtektechnologycoltd2546/262/b4057o3/gtk-device-ui-sky-262/lang/en/adv_setting_telnet.json
2025-12-07 06:08:31,148 - Knowledge - INFO - [kw5] Queue=67, InProgress=0, PendingWorkers=20/20, Completed=91/393 (23.2%)
2025-12-07 06:08:31,234 - Knowledge - INFO - process ingested knowledge for /app/data/gemtektechnologycoltd2546/262/b4057o3/gtk-device-ui-sky-262/lang/en/basic_setting_wlan_wifi_adv5.json
2025-12-07 06:08:31,351 - Knowledge - INFO - Fast-tracked /app/data/gemtektechnologycoltd2546/262/b4057o3/gtk-device-ui-sky-262/lang/en/adv_setting_telnet.json (ext=.json, size=319)
2025-12-07 06:08:31,473 - Knowledge - INFO - Batch sizing: calculated=10, max_allowed=25, queue=67, active_workers=20/20
2025-12-07 06:08:31,594 - Knowledge - INFO - process ingested knowledge for /app/data/gemtektechnologycoltd2546/262/b4057o3/gtk-device-ui-sky-262/lang/en/basic_setting_wlan_wifi_chs2.json
2025-12-07 06:08:31,637 - Knowledge - INFO - [kw20] Queue=67, InProgress=0, PendingWorkers=20/20, Completed=91/393 (23.2%)
2025-12-07 06:08:31,691 - Knowledge - INFO - Worker kw1 processing /app/data/gemtektechnologycoltd2546/262/b4057o3/gtk-device-ui-sky-262/lang/en/status_wifiMesh.json
2025-12-07 06:08:31,695 - Knowledge - INFO - Fast-tracked /app/data/gemtektechnologycoltd2546/262/b4057o3/gtk-device-ui-sky-262/pages/basic_setting/wlan/basic_setting-wlan-mpt.html (small file (2169 bytes))
2025-12-07 06:08:31,815 - Knowledge - INFO - Async storing batch of 12 embeddings
2025-12-07 06:08:31,903 - Knowledge - INFO - process ingested knowledge for /app/data/gemtektechnologycoltd2546/262/b4057o3/gtk-device-ui-sky-262/lang/en/status_throughput.json
2025-12-07 06:08:31,995 - Knowledge - INFO - Batch sizing: calculated=10, max_allowed=25, queue=67, active_workers=20/20
2025-12-07 06:08:32,217 - Knowledge - INFO - Fast-tracked /app/data/gemtektechnologycoltd2546/262/b4057o3/gtk-device-ui-sky-262/lang/en/status_wifiMesh.json (ext=.json, size=1033)
2025-12-07 06:08:32,311 - Knowledge - INFO - Fast-tracked /app/data/gemtektechnologycoltd2546/262/b4057o3/gtk-device-ui-sky-262/pages/basic_setting/wlan/basic_setting-wlan-wifi_chs5.html (small file (3017 bytes))
2025-12-07 06:08:32,424 - Knowledge - INFO - Worker kw5 processing /app/data/gemtektechnologycoltd2546/262/b4057o3/gtk-device-ui-sky-262/lang/en/status_thoughtput.json
2025-12-07 06:08:32,905 - Knowledge - INFO - Async storage completed for 15 embeddings
2025-12-07 06:08:32,984 - Knowledge - INFO - Async storing batch of 12 embeddings
2025-12-07 06:08:33,059 - Knowledge - INFO - Fast-tracked /app/data/gemtektechnologycoltd2546/262/b4057o3/gtk-device-ui-sky-262/lang/en/status_thoughtput.json (ext=.json, size=137)
2025-12-07 06:08:33,192 - Knowledge - INFO - Processing batch of 10 files
2025-12-07 06:08:33,271 - Knowledge - INFO - Worker kw20 processing /app/data/gemtektechnologycoltd2546/262/b4057o3/gtk-device-ui-sky-262/langPack/en/pack.ini
2025-12-07 06:08:33,376 - Knowledge - INFO - Worker kw5 processing /app/data/gemtektechnologycoltd2546/262/b4057o3/gtk-device-ui-sky-262/lang/en/management_settings_reset_dafault.json
2025-12-07 06:08:33,464 - Knowledge - INFO - process ingested knowledge for /app/data/gemtektechnologycoltd2546/262/b4057o3/gtk-device-ui-sky-262/lang/en/menu.json
2025-12-07 06:08:33,589 - Knowledge - INFO - Fast-tracked /app/data/gemtektechnologycoltd2546/262/b4057o3/gtk-device-ui-sky-262/langPack/en/pack.ini (ext=.ini, size=135066)
2025-12-07 06:08:33,667 - Knowledge - INFO - Fast-tracked /app/data/gemtektechnologycoltd2546/262/b4057o3/gtk-device-ui-sky-262/lang/en/management_settings_reset_dafault.json (ext=.json, size=438)
2025-12-07 06:08:33,739 - Knowledge - INFO - process ingested knowledge for /app/data/gemtektechnologycoltd2546/262/b4057o3/gtk-device-ui-sky-262/lang/en/adv_setting_ssh.json
2025-12-07 06:08:33,826 - Knowledge - INFO - [WEBSOCKET] Sent: Type=progress_update, Size: 291, Duration: 0ms
2025-12-07 06:08:33,836 - Knowledge - INFO - Worker kw20 processing /app/data/gemtektechnologycoltd2546/262/b4057o3/gtk-device-ui-sky-262/css/ngDialog-theme-default.min.css
2025-12-07 06:08:33,938 - Knowledge - INFO - Worker kw5 processing /app/data/gemtektechnologycoltd2546/262/b4057o3/gtk-device-ui-sky-262/lang/en/management_tools_nslookup.json
2025-12-07 06:08:34,089 - Knowledge - INFO - process ingested knowledge for /app/data/gemtektechnologycoltd2546/262/b4057o3/gtk-device-ui-sky-262/lang/en/application_multicast_igmp.json
2025-12-07 06:08:34,230 - Knowledge - INFO - [WEBSOCKET] Sent: Type=unknown, Size: ?, Duration: 404ms
2025-12-07 06:08:34,389 - Knowledge - INFO - Fast-tracked /app/data/gemtektechnologycoltd2546/262/b4057o3/gtk-device-ui-sky-262/css/ngDialog-theme-default.min.css (ext=.css, size=3561)
2025-12-07 06:08:34,586 - Knowledge - INFO - Fast-tracked /app/data/gemtektechnologycoltd2546/262/b4057o3/gtk-device-ui-sky-262/lang/en/management_tools_nslookup.json (ext=.json, size=523)
2025-12-07 06:08:34,828 - Knowledge - INFO - process ingested knowledge for /app/data/gemtektechnologycoltd2546/262/b4057o3/gtk-device-ui-sky-262/lang/en/application_storage_share_floder.json
2025-12-07 06:08:35,007 - Knowledge - INFO - Progress: 25.7% | Files: 101/393 | Rate: 1.11 files/sec | Queue: 47
2025-12-07 06:08:35,025 - Knowledge - INFO - [LLM_CALL] Completed: application-storage-share_floder.html:chunk1, Duration: 34155ms, PromptTokens: 3754, CompletionTokens: 184, Cost: $0.00045
2025-12-07 06:08:35,195 - Knowledge - INFO - Worker kw20 processing /app/data/gemtektechnologycoltd2546/262/b4057o3/gtk-device-ui-sky-262/css/ngDialog.min.css
2025-12-07 06:08:35,413 - Knowledge - INFO - Worker kw5 processing /app/data/gemtektechnologycoltd2546/262/b4057o3/gtk-device-ui-sky-262/lang/en/basic_setting_wlan_wifi_wps.json
2025-12-07 06:08:35,550 - Knowledge - INFO - process ingested knowledge for /app/data/gemtektechnologycoltd2546/262/b4057o3/gtk-device-ui-sky-262/lang/en/basic_setting_wlan_wifi_guest.json
2025-12-07 06:08:35,666 - Knowledge - INFO - [kw2] Queue=47, InProgress=0, PendingWorkers=20/20, Completed=101/393 (25.7%)
2025-12-07 06:08:35,755 - Knowledge - INFO - done ingest for /app/data/gemtektechnologycoltd2546/262/b4057o3/gtk-device-ui-sky-262/pages/application/storage/application-storage-share_floder.html
2025-12-07 06:08:35,755 - Knowledge - INFO - [LLM_CALL] Completed: adv_setting-cwmp.js:chunk1, Duration: 47007ms, PromptTokens: 3402, CompletionTokens: 630, Cost: $0.00059
2025-12-07 06:08:35,861 - Knowledge - INFO - Fast-tracked /app/data/gemtektechnologycoltd2546/262/b4057o3/gtk-device-ui-sky-262/css/ngDialog.min.css (ext=.css, size=1473)
2025-12-07 06:08:35,951 - Knowledge - INFO - Fast-tracked /app/data/gemtektechnologycoltd2546/262/b4057o3/gtk-device-ui-sky-262/lang/en/basic_setting_wlan_wifi_wps.json (ext=.json, size=1372)
2025-12-07 06:08:36,044 - Knowledge - INFO - process ingested knowledge for /app/data/gemtektechnologycoltd2546/262/b4057o3/gtk-device-ui-sky-262/lang/en/management_tools_inform_ctrl.json
2025-12-07 06:08:36,119 - Knowledge - INFO - Batch sizing: calculated=10, max_allowed=25, queue=47, active_workers=20/20
2025-12-07 06:08:36,374 - Knowledge - INFO - done ingest for /app/data/gemtektechnologycoltd2546/262/b4057o3/gtk-device-ui-sky-262/pages/adv_setting/adv_setting-cwmp.js
2025-12-07 06:08:36,502 - Knowledge - INFO - Worker kw20 processing /app/data/gemtektechnologycoltd2546/262/b4057o3/gtk-device-ui-sky-262/css/Bootstrap/bootstrap-tour.css
2025-12-07 06:08:36,650 - Knowledge - INFO - Worker kw5 processing /app/data/gemtektechnologycoltd2546/262/b4057o3/gtk-device-ui-sky-262/lang/en/basic_setting_lan_lan4.json
2025-12-07 06:08:36,764 - Knowledge - INFO - process ingested knowledge for /app/data/gemtektechnologycoltd2546/262/b4057o3/gtk-device-ui-sky-262/lang/en/basic_setting_nat_dmz.json
2025-12-07 06:08:36,840 - Knowledge - INFO - Async storing batch of 10 embeddings
2025-12-07 06:08:37,123 - Knowledge - INFO - Fast-tracked /app/data/gemtektechnologycoltd2546/262/b4057o3/gtk-device-ui-sky-262/css/Bootstrap/bootstrap-tour.css (ext=.css, size=2178)
2025-12-07 06:08:37,397 - Knowledge - INFO - Fast-tracked /app/data/gemtektechnologycoltd2546/262/b4057o3/gtk-device-ui-sky-262/lang/en/basic_setting_lan_lan4.json (ext=.json, size=883)
2025-12-07 06:08:37,405 - Knowledge - INFO - process ingested knowledge for /app/data/gemtektechnologycoltd2546/262/b4057o3/gtk-device-ui-sky-262/lang/en/application_storage_samba.json
2025-12-07 06:08:37,520 - Knowledge - INFO - Worker kw2 processing /app/data/gemtektechnologycoltd2546/262/b4057o3/gtk-device-ui-sky-262/css/Custom/animate.css
2025-12-07 06:08:37,647 - Knowledge - INFO - Worker kw20 processing /app/data/gemtektechnologycoltd2546/262/b4057o3/gtk-device-ui-sky-262/css/Bootstrap/bootstrap.css
2025-12-07 06:08:37,734 - Knowledge - INFO - Worker kw5 processing /app/data/gemtektechnologycoltd2546/262/b4057o3/gtk-device-ui-sky-262/lang/en/application_storage_storage_info.json
2025-12-07 06:08:37,855 - Knowledge - INFO - process ingested knowledge for /app/data/gemtektechnologycoltd2546/262/b4057o3/gtk-device-ui-sky-262/lang/en/adv_setting_telnet.json
2025-12-07 06:08:37,995 - Knowledge - INFO - Fast-tracked /app/data/gemtektechnologycoltd2546/262/b4057o3/gtk-device-ui-sky-262/css/Custom/animate.css (ext=.css, size=23848)
2025-12-07 06:08:38,079 - Knowledge - INFO - Fast-tracked /app/data/gemtektechnologycoltd2546/262/b4057o3/gtk-device-ui-sky-262/css/Bootstrap/bootstrap.css (ext=.css, size=146010)
2025-12-07 06:08:38,205 - Knowledge - INFO - Fast-tracked /app/data/gemtektechnologycoltd2546/262/b4057o3/gtk-device-ui-sky-262/lang/en/application_storage_storage_info.json (ext=.json, size=307)
2025-12-07 06:08:38,336 - Knowledge - INFO - process ingested knowledge for /app/data/gemtektechnologycoltd2546/262/b4057o3/gtk-device-ui-sky-262/lang/en/status_wifiMesh.json
2025-12-07 06:08:38,415 - Knowledge - INFO - [LLM_CALL] Completed: adv_setting-service_control.js:chunk1, Duration: 55472ms, PromptTokens: 4508, CompletionTokens: 902, Cost: $0.00081
2025-12-07 06:08:38,452 - Knowledge - INFO - Worker kw2 processing /app/data/gemtektechnologycoltd2546/262/b4057o3/gtk-device-ui-sky-262/css/Custom/svgfonts.css
2025-12-07 06:08:38,546 - Knowledge - INFO - Worker kw20 processing /app/data/gemtektechnologycoltd2546/262/b4057o3/gtk-device-ui-sky-262/css/Custom/lantiq_custom-1.css
2025-12-07 06:08:38,641 - Knowledge - INFO - Worker kw5 processing /app/data/gemtektechnologycoltd2546/262/b4057o3/gtk-device-ui-sky-262/lang/en/management_reboot.json
2025-12-07 06:08:38,827 - Knowledge - INFO - done ingest for /app/data/gemtektechnologycoltd2546/262/b4057o3/gtk-device-ui-sky-262/pages/adv_setting/adv_setting-service_control.js
2025-12-07 06:08:38,827 - Knowledge - INFO - [LLM_CALL] Completed: application-storage-share_floder.js:chunk1, Duration: 24325ms, PromptTokens: 3442, CompletionTokens: 721, Cost: $0.00063
2025-12-07 06:08:38,945 - Knowledge - INFO - Fast-tracked /app/data/gemtektechnologycoltd2546/262/b4057o3/gtk-device-ui-sky-262/css/Custom/svgfonts.css (ext=.css, size=1343)
2025-12-07 06:08:39,034 - Knowledge - INFO - Fast-tracked /app/data/gemtektechnologycoltd2546/262/b4057o3/gtk-device-ui-sky-262/css/Custom/lantiq_custom-1.css (ext=.css, size=135801)
2025-12-07 06:08:39,113 - Knowledge - INFO - Fast-tracked /app/data/gemtektechnologycoltd2546/262/b4057o3/gtk-device-ui-sky-262/lang/en/management_reboot.json (ext=.json, size=943)
2025-12-07 06:08:39,414 - Knowledge - INFO - done ingest for /app/data/gemtektechnologycoltd2546/262/b4057o3/gtk-device-ui-sky-262/pages/application/storage/application-storage-share_floder.js
2025-12-07 06:08:39,542 - Knowledge - INFO - Worker kw2 processing /app/data/gemtektechnologycoltd2546/262/b4057o3/gtk-device-ui-sky-262/css/Custom/xeditable.css
2025-12-07 06:08:39,656 - Knowledge - INFO - Worker kw20 processing /app/data/gemtektechnologycoltd2546/262/b4057o3/gtk-device-ui-sky-262/css/Custom/gemtek.css
2025-12-07 06:08:39,753 - Knowledge - INFO - Worker kw5 processing /app/data/gemtektechnologycoltd2546/262/b4057o3/gtk-device-ui-sky-262/json/meshmap.json
2025-12-07 06:08:40,089 - Knowledge - INFO - Fast-tracked /app/data/gemtektechnologycoltd2546/262/b4057o3/gtk-device-ui-sky-262/css/Custom/xeditable.css (ext=.css, size=1390)
2025-12-07 06:08:40,198 - Knowledge - INFO - Fast-tracked /app/data/gemtektechnologycoltd2546/262/b4057o3/gtk-device-ui-sky-262/css/Custom/gemtek.css (ext=.css, size=16447)
2025-12-07 06:08:40,293 - Knowledge - INFO - Fast-tracked /app/data/gemtektechnologycoltd2546/262/b4057o3/gtk-device-ui-sky-262/json/meshmap.json (ext=.json, size=1160)
2025-12-07 06:08:40,425 - Knowledge - INFO - Worker kw2 processing /app/data/gemtektechnologycoltd2546/262/b4057o3/gtk-device-ui-sky-262/css/Custom/theme-2.css
2025-12-07 06:08:40,573 - Knowledge - INFO - Worker kw20 processing /app/data/gemtektechnologycoltd2546/262/b4057o3/gtk-device-ui-sky-262/css/Custom/custom.css
2025-12-07 06:08:40,646 - Knowledge - INFO - Fast-tracked /app/data/gemtektechnologycoltd2546/262/b4057o3/gtk-device-ui-sky-262/pages/management/tools/management-tools-nslookup.html (small file (2984 bytes))
2025-12-07 06:08:40,719 - Knowledge - INFO - Worker kw5 processing /app/data/gemtektechnologycoltd2546/262/b4057o3/gtk-device-ui-sky-262/piece/mesh_node_control.html
2025-12-07 06:08:40,852 - Knowledge - INFO - Fast-tracked /app/data/gemtektechnologycoltd2546/262/b4057o3/gtk-device-ui-sky-262/css/Custom/theme-2.css (ext=.css, size=101316)
2025-12-07 06:08:40,942 - Knowledge - INFO - Fast-tracked /app/data/gemtektechnologycoltd2546/262/b4057o3/gtk-device-ui-sky-262/css/Custom/custom.css (ext=.css, size=38388)
2025-12-07 06:08:41,215 - Knowledge - INFO - Worker kw5 processing /app/data/gemtektechnologycoltd2546/262/b4057o3/gtk-device-ui-sky-262/piece/ssid_node_control.html
2025-12-07 06:08:41,256 - Knowledge - INFO - [WEBSOCKET] Sent: Type=progress_update, Size: 292, Duration: 0ms
2025-12-07 06:08:41,294 - Knowledge - INFO - Worker kw2 processing /app/data/gemtektechnologycoltd2546/262/b4057o3/gtk-device-ui-sky-262/css/Custom/angular-ui-switch.min.css
2025-12-07 06:08:41,385 - Knowledge - INFO - Worker kw20 processing /app/data/gemtektechnologycoltd2546/262/b4057o3/gtk-device-ui-sky-262/css/Custom/lantiq_custom.css
2025-12-07 06:08:41,466 - Knowledge - INFO - Fast-tracked /app/data/gemtektechnologycoltd2546/262/b4057o3/gtk-device-ui-sky-262/piece/ssid_node_control.html (ext=.html, size=1615)
2025-12-07 06:08:41,557 - Knowledge - INFO - [LLM_CALL] Completed: adv_setting-parental_control.js:chunk1, Duration: 50971ms, PromptTokens: 13828, CompletionTokens: 1324, Cost: $0.00191
2025-12-07 06:08:41,642 - Knowledge - INFO - Fast-tracked /app/data/gemtektechnologycoltd2546/262/b4057o3/gtk-device-ui-sky-262/css/Custom/angular-ui-switch.min.css (ext=.css, size=1495)
2025-12-07 06:08:41,720 - Knowledge - INFO - Fast-tracked /app/data/gemtektechnologycoltd2546/262/b4057o3/gtk-device-ui-sky-262/css/Custom/lantiq_custom.css (ext=.css, size=32750)
2025-12-07 06:08:41,802 - Knowledge - INFO - Fast-tracked /app/data/gemtektechnologycoltd2546/262/b4057o3/gtk-device-ui-sky-262/piece/mesh_node_control.html (small file (2450 bytes))
2025-12-07 06:08:41,918 - Knowledge - INFO - done ingest for /app/data/gemtektechnologycoltd2546/262/b4057o3/gtk-device-ui-sky-262/pages/adv_setting/adv_setting-parental_control.js
2025-12-07 06:08:41,918 - Knowledge - INFO - [WEBSOCKET] Sent: Type=unknown, Size: ?, Duration: 662ms
2025-12-07 06:08:42,071 - Knowledge - INFO - Worker kw2 processing /app/data/gemtektechnologycoltd2546/262/b4057o3/gtk-device-ui-sky-262/css/Custom/build.css
2025-12-07 06:08:42,162 - Knowledge - INFO - Worker kw20 processing /app/data/gemtektechnologycoltd2546/262/b4057o3/gtk-device-ui-sky-262/css/Custom/fonticons.css
2025-12-07 06:08:42,275 - Knowledge - INFO - Async storage completed for 12 embeddings
2025-12-07 06:08:42,573 - Knowledge - INFO - Progress: 29.0% | Files: 116/393 | Rate: 1.18 files/sec | Queue: 37
2025-12-07 06:08:42,573 - Knowledge - INFO - Processing batch of 15 files
2025-12-07 06:08:42,758 - Knowledge - INFO - Fast-tracked /app/data/gemtektechnologycoltd2546/262/b4057o3/gtk-device-ui-sky-262/css/Custom/build.css (ext=.css, size=7146)
2025-12-07 06:08:42,861 - Knowledge - INFO - Fast-tracked /app/data/gemtektechnologycoltd2546/262/b4057o3/gtk-device-ui-sky-262/css/Custom/fonticons.css (ext=.css, size=19171)
2025-12-07 06:08:43,051 - Knowledge - INFO - Processing batch of 10 files
2025-12-07 06:08:43,173 - Knowledge - INFO - [kw1] Queue=37, InProgress=0, PendingWorkers=20/20, Completed=126/393 (32.1%)
2025-12-07 06:08:43,314 - Knowledge - INFO - process ingested knowledge for /app/data/gemtektechnologycoltd2546/262/b4057o3/gtk-device-ui-sky-262/pages/application/multicast/application-multicast-igmp.html
2025-12-07 06:08:43,454 - Knowledge - INFO - Worker kw2 processing /app/data/gemtektechnologycoltd2546/262/b4057o3/gtk-device-ui-sky-262/css/Custom/adv_homepage.css
2025-12-07 06:08:43,639 - Knowledge - INFO - Async storage completed for 12 embeddings
2025-12-07 06:08:43,774 - Knowledge - INFO - process ingested knowledge for /app/data/gemtektechnologycoltd2546/262/b4057o3/gtk-device-ui-sky-262/lang/en/status_thoughtput.json
2025-12-07 06:08:43,896 - Knowledge - INFO - Batch sizing: calculated=10, max_allowed=25, queue=37, active_workers=20/20
2025-12-07 06:08:44,031 - Knowledge - INFO - process ingested knowledge for /app/data/gemtektechnologycoltd2546/262/b4057o3/gtk-device-ui-sky-262/pages/application/multicast/application-multicast-igmp.jsx
2025-12-07 06:08:44,294 - Knowledge - INFO - Fast-tracked /app/data/gemtektechnologycoltd2546/262/b4057o3/gtk-device-ui-sky-262/css/Custom/adv_homepage.css (ext=.css, size=6539)
2025-12-07 06:08:44,403 - Knowledge - INFO - Processing batch of 10 files
2025-12-07 06:08:44,411 - Knowledge - INFO - [LLM_CALL] Completed: status-wifiMesh.html:chunk1, Duration: 46038ms, PromptTokens: 2588, CompletionTokens: 381, Cost: $0.00041
2025-12-07 06:08:44,486 - Knowledge - INFO - process ingested knowledge for /app/data/gemtektechnologycoltd2546/262/b4057o3/gtk-device-ui-sky-262/lang/en/management_settings_reset_dafault.json
2025-12-07 06:08:44,698 - Knowledge - INFO - process ingested knowledge for /app/data/gemtektechnologycoltd2546/262/b4057o3/gtk-device-ui-sky-262/pages/application/multicast/application-multicast-igmp.js
2025-12-07 06:08:44,813 - Knowledge - INFO - Worker kw2 processing /app/data/gemtektechnologycoltd2546/262/b4057o3/gtk-device-ui-sky-262/css/Custom/awesome-bootstrap-checkbox.css
2025-12-07 06:08:44,925 - Knowledge - INFO - process ingested knowledge for /app/data/gemtektechnologycoltd2546/262/b4057o3/gtk-device-ui-sky-262/langPack/en/pack.ini
2025-12-07 06:08:45,011 - Knowledge - INFO - done ingest for /app/data/gemtektechnologycoltd2546/262/b4057o3/gtk-device-ui-sky-262/pages/status/status-wifiMesh.html
2025-12-07 06:08:45,011 - Knowledge - INFO - Async storing batch of 10 embeddings
2025-12-07 06:08:45,111 - Knowledge - INFO - process ingested knowledge for /app/data/gemtektechnologycoltd2546/262/b4057o3/gtk-device-ui-sky-262/lang/en/management_tools_nslookup.json
2025-12-07 06:08:45,214 - Knowledge - INFO - process ingested knowledge for /app/data/gemtektechnologycoltd2546/262/b4057o3/gtk-device-ui-sky-262/pages/application/storage/application-storage-ftp.html
2025-12-07 06:08:45,294 - Knowledge - INFO - Fast-tracked /app/data/gemtektechnologycoltd2546/262/b4057o3/gtk-device-ui-sky-262/css/Custom/awesome-bootstrap-checkbox.css (ext=.css, size=6736)
2025-12-07 06:08:45,376 - Knowledge - INFO - process ingested knowledge for /app/data/gemtektechnologycoltd2546/262/b4057o3/gtk-device-ui-sky-262/css/ngDialog-theme-default.min.css
2025-12-07 06:08:45,556 - Knowledge - INFO - [LLM_CALL] Completed: adv_setting-cwmp.html:chunk1, Duration: 49607ms, PromptTokens: 7220, CompletionTokens: 283, Cost: $0.00084
2025-12-07 06:08:45,575 - Knowledge - INFO - Worker kw1 processing /app/data/gemtektechnologycoltd2546/262/b4057o3/gtk-device-ui-sky-262/js/menu.js
2025-12-07 06:08:45,652 - Knowledge - INFO - process ingested knowledge for /app/data/gemtektechnologycoltd2546/262/b4057o3/gtk-device-ui-sky-262/lang/en/basic_setting_wlan_wifi_wps.json
2025-12-07 06:08:45,746 - Knowledge - INFO - process ingested knowledge for /app/data/gemtektechnologycoltd2546/262/b4057o3/gtk-device-ui-sky-262/pages/application/storage/application-storage-ftp.jsx
2025-12-07 06:08:45,909 - Knowledge - INFO - Worker kw2 processing /app/data/gemtektechnologycoltd2546/262/b4057o3/gtk-device-ui-sky-262/css/materialize/materialize.js
2025-12-07 06:08:46,239 - Knowledge - INFO - process ingested knowledge for /app/data/gemtektechnologycoltd2546/262/b4057o3/gtk-device-ui-sky-262/css/ngDialog.min.css
2025-12-07 06:08:46,346 - Knowledge - INFO - done ingest for /app/data/gemtektechnologycoltd2546/262/b4057o3/gtk-device-ui-sky-262/pages/adv_setting/adv_setting-cwmp.html
2025-12-07 06:08:46,510 - Knowledge - INFO - Worker kw1 processing /app/data/gemtektechnologycoltd2546/262/b4057o3/gtk-device-ui-sky-262/js/base64.js
2025-12-07 06:08:46,620 - Knowledge - INFO - process ingested knowledge for /app/data/gemtektechnologycoltd2546/262/b4057o3/gtk-device-ui-sky-262/lang/en/basic_setting_lan_lan4.json
2025-12-07 06:08:46,729 - Knowledge - INFO - process ingested knowledge for /app/data/gemtektechnologycoltd2546/262/b4057o3/gtk-device-ui-sky-262/pages/application/storage/application-storage-ftp.js
2025-12-07 06:08:46,818 - Knowledge - INFO - Fast-tracked /app/data/gemtektechnologycoltd2546/262/b4057o3/gtk-device-ui-sky-262/css/materialize/materialize.js (ext=.js, size=267975)
2025-12-07 06:08:46,908 - Knowledge - INFO - process ingested knowledge for /app/data/gemtektechnologycoltd2546/262/b4057o3/gtk-device-ui-sky-262/css/Bootstrap/bootstrap-tour.css
2025-12-07 06:08:47,112 - Knowledge - INFO - [LLM_CALL] Completed: adv_setting-parental_control.html:chunk1, Duration: 53785ms, PromptTokens: 8034, CompletionTokens: 510, Cost: $0.00101
2025-12-07 06:08:47,112 - Knowledge - INFO - Fast-tracked /app/data/gemtektechnologycoltd2546/262/b4057o3/gtk-device-ui-sky-262/js/base64.js (ext=.js, size=1441)
2025-12-07 06:08:47,212 - Knowledge - INFO - process ingested knowledge for /app/data/gemtektechnologycoltd2546/262/b4057o3/gtk-device-ui-sky-262/lang/en/application_storage_storage_info.json
2025-12-07 06:08:47,336 - Knowledge - INFO - process ingested knowledge for /app/data/gemtektechnologycoltd2546/262/b4057o3/gtk-device-ui-sky-262/pages/application/storage/application-storage-share_floder.html
2025-12-07 06:08:47,393 - Knowledge - INFO - Fast-tracked /app/data/gemtektechnologycoltd2546/262/b4057o3/gtk-device-ui-sky-262/pages/management/management-account.html (small file (2137 bytes))
2025-12-07 06:08:47,437 - Knowledge - INFO - Worker kw2 processing /app/data/gemtektechnologycoltd2546/262/b4057o3/gtk-device-ui-sky-262/css/materialize/materialize.css
2025-12-07 06:08:47,538 - Knowledge - INFO - process ingested knowledge for /app/data/gemtektechnologycoltd2546/262/b4057o3/gtk-device-ui-sky-262/css/Bootstrap/bootstrap.css
2025-12-07 06:08:47,626 - Knowledge - INFO - done ingest for /app/data/gemtektechnologycoltd2546/262/b4057o3/gtk-device-ui-sky-262/pages/adv_setting/adv_setting-parental_control.html
2025-12-07 06:08:47,709 - Knowledge - INFO - Worker kw1 processing /app/data/gemtektechnologycoltd2546/262/b4057o3/gtk-device-ui-sky-262/js/jquery-ui.min.js
2025-12-07 06:08:47,842 - Knowledge - INFO - process ingested knowledge for /app/data/gemtektechnologycoltd2546/262/b4057o3/gtk-device-ui-sky-262/lang/en/management_reboot.json
2025-12-07 06:08:48,036 - Knowledge - INFO - [LLM_CALL] Completed: status-wan.html:chunk1, Duration: 52459ms, PromptTokens: 2652, CompletionTokens: 153, Cost: $0.00033
2025-12-07 06:08:48,065 - Knowledge - INFO - process ingested knowledge for /app/data/gemtektechnologycoltd2546/262/b4057o3/gtk-device-ui-sky-262/pages/application/storage/application-storage-share_floder.jsx
2025-12-07 06:08:48,188 - Knowledge - INFO - Fast-tracked /app/data/gemtektechnologycoltd2546/262/b4057o3/gtk-device-ui-sky-262/pages/management/settings/management-settings-backup.js (small file (2782 bytes))
2025-12-07 06:08:48,310 - Knowledge - INFO - Fast-tracked /app/data/gemtektechnologycoltd2546/262/b4057o3/gtk-device-ui-sky-262/css/materialize/materialize.css (ext=.css, size=196540)
2025-12-07 06:08:48,387 - Knowledge - INFO - process ingested knowledge for /app/data/gemtektechnologycoltd2546/262/b4057o3/gtk-device-ui-sky-262/css/Custom/lantiq_custom-1.css
2025-12-07 06:08:48,676 - Knowledge - INFO - Fast-tracked /app/data/gemtektechnologycoltd2546/262/b4057o3/gtk-device-ui-sky-262/js/jquery-ui.min.js (ext=.js, size=228077)
2025-12-07 06:08:48,791 - Knowledge - INFO - process ingested knowledge for /app/data/gemtektechnologycoltd2546/262/b4057o3/gtk-device-ui-sky-262/json/meshmap.json
2025-12-07 06:08:48,911 - Knowledge - INFO - done ingest for /app/data/gemtektechnologycoltd2546/262/b4057o3/gtk-device-ui-sky-262/pages/status/status-wan.html
2025-12-07 06:08:49,103 - Knowledge - INFO - process ingested knowledge for /app/data/gemtektechnologycoltd2546/262/b4057o3/gtk-device-ui-sky-262/pages/application/storage/application-storage-share_floder.js
2025-12-07 06:08:49,325 - Knowledge - INFO - Async storage completed for 10 embeddings
2025-12-07 06:08:49,435 - Knowledge - INFO - process ingested knowledge for /app/data/gemtektechnologycoltd2546/262/b4057o3/gtk-device-ui-sky-262/css/Custom/gemtek.css
2025-12-07 06:08:49,556 - Knowledge - INFO - Worker kw1 processing /app/data/gemtektechnologycoltd2546/262/b4057o3/gtk-device-ui-sky-262/js/aes.js
2025-12-07 06:08:49,910 - Knowledge - INFO - process ingested knowledge for /app/data/gemtektechnologycoltd2546/262/b4057o3/gtk-device-ui-sky-262/piece/mesh_node_control.html
2025-12-07 06:08:49,971 - Knowledge - INFO - [LLM_CALL] Completed: status-wifiMesh.js:chunk1, Duration: 46983ms, PromptTokens: 14572, CompletionTokens: 1101, Cost: $0.00190
2025-12-07 06:08:50,062 - Knowledge - INFO - Fast-tracked /app/data/gemtektechnologycoltd2546/262/b4057o3/gtk-device-ui-sky-262/pages/wlan/wifi_indep5/wlan-wifi_indep5-configuration5.html (small file (2108 bytes))
2025-12-07 06:08:50,108 - Knowledge - INFO - process ingested knowledge for /app/data/gemtektechnologycoltd2546/262/b4057o3/gtk-device-ui-sky-262/pages/application/storage/application-storage-samba.js
2025-12-07 06:08:50,310 - Knowledge - INFO - process ingested knowledge for /app/data/gemtektechnologycoltd2546/262/b4057o3/gtk-device-ui-sky-262/css/Custom/custom.css
2025-12-07 06:08:50,443 - Knowledge - INFO - Worker kw1 processing /app/data/gemtektechnologycoltd2546/262/b4057o3/gtk-device-ui-sky-262/js/ajaxfileupload.js
2025-12-07 06:08:50,533 - Knowledge - INFO - process ingested knowledge for /app/data/gemtektechnologycoltd2546/262/b4057o3/gtk-device-ui-sky-262/piece/ssid_node_control.html
2025-12-07 06:08:50,616 - Knowledge - INFO - done ingest for /app/data/gemtektechnologycoltd2546/262/b4057o3/gtk-device-ui-sky-262/pages/status/status-wifiMesh.js
2025-12-07 06:08:50,648 - Knowledge - INFO - Processing batch of 10 files
2025-12-07 06:08:50,724 - Knowledge - INFO - Fast-tracked /app/data/gemtektechnologycoltd2546/262/b4057o3/gtk-device-ui-sky-262/pages/basic_setting/wlan/basic_setting-wlan-wifi_chs2.html (small file (3019 bytes))
2025-12-07 06:08:50,805 - Knowledge - INFO - process ingested knowledge for /app/data/gemtektechnologycoltd2546/262/b4057o3/gtk-device-ui-sky-262/pages/application/storage/application-storage-samba.html
2025-12-07 06:08:50,931 - Knowledge - INFO - process ingested knowledge for /app/data/gemtektechnologycoltd2546/262/b4057o3/gtk-device-ui-sky-262/css/Custom/lantiq_custom.css
2025-12-07 06:08:51,047 - Knowledge - INFO - Worker kw1 processing /app/data/gemtektechnologycoltd2546/262/b4057o3/gtk-device-ui-sky-262/js/env.js
2025-12-07 06:08:51,434 - Knowledge - INFO - process ingested knowledge for /app/data/gemtektechnologycoltd2546/262/b4057o3/gtk-device-ui-sky-262/css/Custom/animate.css
2025-12-07 06:08:51,909 - Knowledge - INFO - process ingested knowledge for /app/data/gemtektechnologycoltd2546/262/b4057o3/gtk-device-ui-sky-262/pages/application/storage/application-storage-samba.jsx
2025-12-07 06:08:51,917 - Knowledge - INFO - process ingested knowledge for /app/data/gemtektechnologycoltd2546/262/b4057o3/gtk-device-ui-sky-262/css/Custom/fonticons.css
2025-12-07 06:08:52,041 - Knowledge - INFO - Worker kw1 processing /app/data/gemtektechnologycoltd2546/262/b4057o3/gtk-device-ui-sky-262/js/common.js
2025-12-07 06:08:52,383 - Knowledge - INFO - process ingested knowledge for /app/data/gemtektechnologycoltd2546/262/b4057o3/gtk-device-ui-sky-262/css/Custom/svgfonts.css
2025-12-07 06:08:52,395 - Knowledge - INFO - process ingested knowledge for /app/data/gemtektechnologycoltd2546/262/b4057o3/gtk-device-ui-sky-262/pages/application/storage/application-storage-storage_info.jsx
2025-12-07 06:08:52,493 - Knowledge - INFO - Worker kw1 processing /app/data/gemtektechnologycoltd2546/262/b4057o3/gtk-device-ui-sky-262/js/elem-control.js
2025-12-07 06:08:52,832 - Knowledge - INFO - process ingested knowledge for /app/data/gemtektechnologycoltd2546/262/b4057o3/gtk-device-ui-sky-262/css/Custom/xeditable.css
2025-12-07 06:08:52,838 - Knowledge - INFO - process ingested knowledge for /app/data/gemtektechnologycoltd2546/262/b4057o3/gtk-device-ui-sky-262/pages/application/storage/application-storage-storage_info.html
2025-12-07 06:08:52,845 - Knowledge - INFO - Fast-tracked /app/data/gemtektechnologycoltd2546/262/b4057o3/gtk-device-ui-sky-262/js/elem-control.js (ext=.js, size=959)
2025-12-07 06:08:53,277 - Knowledge - INFO - process ingested knowledge for /app/data/gemtektechnologycoltd2546/262/b4057o3/gtk-device-ui-sky-262/css/Custom/theme-2.css
2025-12-07 06:08:53,348 - Knowledge - INFO - Worker kw1 processing /app/data/gemtektechnologycoltd2546/262/b4057o3/gtk-device-ui-sky-262/js/lottie.js
2025-12-07 06:08:53,403 - Knowledge - INFO - [LLM_CALL] Completed: adv_setting-qos.js:chunk1, Duration: 67602ms, PromptTokens: 7584, CompletionTokens: 1177, Cost: $0.00123
2025-12-07 06:08:53,591 - Knowledge - INFO - process ingested knowledge for /app/data/gemtektechnologycoltd2546/262/b4057o3/gtk-device-ui-sky-262/pages/application/storage/application-storage-storage_info.js
2025-12-07 06:08:53,710 - Knowledge - INFO - Fast-tracked /app/data/gemtektechnologycoltd2546/262/b4057o3/gtk-device-ui-sky-262/js/lottie.js (ext=.js, size=251215)
2025-12-07 06:08:53,867 - Knowledge - INFO - done ingest for /app/data/gemtektechnologycoltd2546/262/b4057o3/gtk-device-ui-sky-262/pages/adv_setting/adv_setting-qos.js
2025-12-07 06:08:53,921 - Knowledge - INFO - process ingested knowledge for /app/data/gemtektechnologycoltd2546/262/b4057o3/gtk-device-ui-sky-262/css/Custom/angular-ui-switch.min.css
2025-12-07 06:08:54,144 - Knowledge - INFO - Worker kw1 processing /app/data/gemtektechnologycoltd2546/262/b4057o3/gtk-device-ui-sky-262/js/angular/angular-translate.min.js
2025-12-07 06:08:54,489 - Knowledge - INFO - Fast-tracked /app/data/gemtektechnologycoltd2546/262/b4057o3/gtk-device-ui-sky-262/js/angular/angular-translate.min.js (ext=.js, size=18820)
2025-12-07 06:08:54,620 - Knowledge - INFO - process ingested knowledge for /app/data/gemtektechnologycoltd2546/262/b4057o3/gtk-device-ui-sky-262/css/Custom/build.css
2025-12-07 06:08:54,836 - Knowledge - INFO - [LLM_CALL] Completed: login.html:chunk1, Duration: 18447ms, PromptTokens: 5788, CompletionTokens: 59, Cost: $0.00060
2025-12-07 06:08:54,957 - Knowledge - INFO - process ingested knowledge for /app/data/gemtektechnologycoltd2546/262/b4057o3/gtk-device-ui-sky-262/css/Custom/adv_homepage.css
2025-12-07 06:08:55,081 - Knowledge - INFO - done ingest for /app/data/gemtektechnologycoltd2546/262/b4057o3/gtk-device-ui-sky-262/login.html
2025-12-07 06:08:55,161 - Knowledge - INFO - [WEBSOCKET] Sent: Type=progress_update, Size: 291, Duration: 0ms
2025-12-07 06:08:55,213 - Knowledge - INFO - process ingested knowledge for /app/data/gemtektechnologycoltd2546/262/b4057o3/gtk-device-ui-sky-262/css/Custom/awesome-bootstrap-checkbox.css
2025-12-07 06:08:55,390 - Knowledge - INFO - [WEBSOCKET] Sent: Type=unknown, Size: ?, Duration: 229ms
2025-12-07 06:08:55,547 - Knowledge - INFO - process ingested knowledge for /app/data/gemtektechnologycoltd2546/262/b4057o3/gtk-device-ui-sky-262/css/materialize/materialize.js
2025-12-07 06:08:55,582 - Knowledge - INFO - Progress: 37.7% | Files: 150/393 | Rate: 1.34 files/sec | Queue: 27
2025-12-07 06:08:55,618 - Knowledge - INFO - [kw20] Queue=27, InProgress=0, PendingWorkers=20/20, Completed=151/393 (38.4%)
2025-12-07 06:08:55,639 - Knowledge - INFO - Processing batch of 15 files
2025-12-07 06:08:56,206 - Knowledge - INFO - Batch sizing: calculated=10, max_allowed=25, queue=27, active_workers=20/20
2025-12-07 06:08:56,226 - Knowledge - INFO - process ingested knowledge for /app/data/gemtektechnologycoltd2546/262/b4057o3/gtk-device-ui-sky-262/css/materialize/materialize.css
2025-12-07 06:08:56,257 - Knowledge - INFO - [kw5] Queue=27, InProgress=0, PendingWorkers=20/20, Completed=161/393 (41.0%)
2025-12-07 06:08:56,350 - Knowledge - INFO - process ingested knowledge for /app/data/gemtektechnologycoltd2546/262/b4057o3/gtk-device-ui-sky-262/pages/adv_setting/adv_setting-service_control.js
2025-12-07 06:08:56,456 - Knowledge - INFO - Async storing batch of 10 embeddings
2025-12-07 06:08:56,746 - Knowledge - INFO - Batch sizing: calculated=10, max_allowed=25, queue=27, active_workers=20/20
2025-12-07 06:08:57,046 - Knowledge - INFO - process ingested knowledge for /app/data/gemtektechnologycoltd2546/262/b4057o3/gtk-device-ui-sky-262/pages/adv_setting/adv_setting-service_control.jsx
2025-12-07 06:08:57,087 - Knowledge - INFO - Worker kw20 processing /app/data/gemtektechnologycoltd2546/262/b4057o3/gtk-device-ui-sky-262/js/angular/digest-ajax.min.js
2025-12-07 06:08:57,530 - Knowledge - INFO - Fast-tracked /app/data/gemtektechnologycoltd2546/262/b4057o3/gtk-device-ui-sky-262/js/angular/digest-ajax.min.js (ext=.js, size=19581)
2025-12-07 06:08:57,588 - Knowledge - INFO - Async storing batch of 10 embeddings
2025-12-07 06:08:57,759 - Knowledge - INFO - Worker kw20 processing /app/data/gemtektechnologycoltd2546/262/b4057o3/gtk-device-ui-sky-262/js/angular/angular-route.min1.3.15.js
2025-12-07 06:08:57,826 - Knowledge - INFO - process ingested knowledge for /app/data/gemtektechnologycoltd2546/262/b4057o3/gtk-device-ui-sky-262/pages/adv_setting/adv_setting-service_control.html
2025-12-07 06:08:57,937 - Knowledge - INFO - Worker kw5 processing /app/data/gemtektechnologycoltd2546/262/b4057o3/gtk-device-ui-sky-262/js/d3-meshmap.js
2025-12-07 06:08:57,970 - Knowledge - INFO - Fast-tracked /app/data/gemtektechnologycoltd2546/262/b4057o3/gtk-device-ui-sky-262/pages/application/application-dlna.js (small file (2436 bytes))
2025-12-07 06:08:58,117 - Knowledge - INFO - Worker kw20 processing /app/data/gemtektechnologycoltd2546/262/b4057o3/gtk-device-ui-sky-262/js/angular/translate-loader-staticfiles.js
2025-12-07 06:08:58,225 - Knowledge - ERROR - Timeout processing /app/data/gemtektechnologycoltd2546/262/b4057o3/gtk-device-ui-sky-262/pages/status/status-wan.js after 90s
2025-12-07 06:08:58,310 - Knowledge - INFO - process ingested knowledge for /app/data/gemtektechnologycoltd2546/262/b4057o3/gtk-device-ui-sky-262/pages/adv_setting/adv_setting-qos.js
2025-12-07 06:08:58,340 - Knowledge - INFO - Worker kw5 processing /app/data/gemtektechnologycoltd2546/262/b4057o3/gtk-device-ui-sky-262/js/loading.json
2025-12-07 06:08:58,465 - Knowledge - ERROR - Timeout processing /app/data/gemtektechnologycoltd2546/262/b4057o3/gtk-device-ui-sky-262/pages/application/storage/application-storage-storage_account.html after 90s
2025-12-07 06:08:58,571 - Knowledge - INFO - Worker kw20 processing /app/data/gemtektechnologycoltd2546/262/b4057o3/gtk-device-ui-sky-262/js/angular/angular1.3.15.min.js
2025-12-07 06:08:59,002 - Knowledge - INFO - process ingested knowledge for /app/data/gemtektechnologycoltd2546/262/b4057o3/gtk-device-ui-sky-262/pages/adv_setting/adv_setting-qos.jsx
2025-12-07 06:08:59,059 - Knowledge - INFO - Fast-tracked /app/data/gemtektechnologycoltd2546/262/b4057o3/gtk-device-ui-sky-262/js/loading.json (ext=.json, size=2843)
2025-12-07 06:08:59,194 - Knowledge - ERROR - Timeout processing /app/data/gemtektechnologycoltd2546/262/b4057o3/gtk-device-ui-sky-262/pages/application/storage/application-storage-storage_account.js after 90s
2025-12-07 06:08:59,205 - Knowledge - INFO - [WEBSOCKET] Sent: Type=progress_update, Size: 293, Duration: 0ms
2025-12-07 06:08:59,359 - Knowledge - INFO - Fast-tracked /app/data/gemtektechnologycoltd2546/262/b4057o3/gtk-device-ui-sky-262/js/angular/angular1.3.15.min.js (ext=.js, size=960651)
2025-12-07 06:08:59,503 - Knowledge - INFO - process ingested knowledge for /app/data/gemtektechnologycoltd2546/262/b4057o3/gtk-device-ui-sky-262/pages/adv_setting/adv_setting-qos.html
2025-12-07 06:08:59,576 - Knowledge - INFO - Worker kw5 processing /app/data/gemtektechnologycoltd2546/262/b4057o3/gtk-device-ui-sky-262/js/custom.js
2025-12-07 06:08:59,825 - Knowledge - ERROR - Timeout processing /app/data/gemtektechnologycoltd2546/262/b4057o3/gtk-device-ui-sky-262/pages/application/application-ddns.js after 90s
2025-12-07 06:08:59,974 - Knowledge - INFO - [LLM_CALL] Completed: status-single_wan.js:chunk1, Duration: 34300ms, PromptTokens: 4352, CompletionTokens: 670, Cost: $0.00070
2025-12-07 06:09:00,124 - Knowledge - INFO - Worker kw20 processing /app/data/gemtektechnologycoltd2546/262/b4057o3/gtk-device-ui-sky-262/js/angular/angular-local-storage.min0.1.5.js
2025-12-07 06:09:00,468 - Knowledge - INFO - Worker kw5 processing /app/data/gemtektechnologycoltd2546/262/b4057o3/gtk-device-ui-sky-262/js/view.js
2025-12-07 06:09:00,485 - Knowledge - INFO - process ingested knowledge for /app/data/gemtektechnologycoltd2546/262/b4057o3/gtk-device-ui-sky-262/pages/adv_setting/adv_setting-cwmp.js
2025-12-07 06:09:00,682 - Knowledge - INFO - done ingest for /app/data/gemtektechnologycoltd2546/262/b4057o3/gtk-device-ui-sky-262/pages/status/status-single_wan.js
2025-12-07 06:09:00,693 - Knowledge - INFO - [LLM_CALL] Completed: main.html:chunk1, Duration: 39129ms, PromptTokens: 6128, CompletionTokens: 59, Cost: $0.00064
2025-12-07 06:09:01,136 - Knowledge - INFO - Worker kw20 processing /app/data/gemtektechnologycoltd2546/262/b4057o3/gtk-device-ui-sky-262/js/angular/checklist-model.js
2025-12-07 06:09:01,230 - Knowledge - INFO - Worker kw5 processing /app/data/gemtektechnologycoltd2546/262/b4057o3/gtk-device-ui-sky-262/js/validation.js
2025-12-07 06:09:01,405 - Knowledge - INFO - process ingested knowledge for /app/data/gemtektechnologycoltd2546/262/b4057o3/gtk-device-ui-sky-262/pages/adv_setting/adv_setting-parental_control.js
2025-12-07 06:09:01,652 - Knowledge - INFO - done ingest for /app/data/gemtektechnologycoltd2546/262/b4057o3/gtk-device-ui-sky-262/main.html
2025-12-07 06:09:01,658 - Knowledge - INFO - [WEBSOCKET] Sent: Type=unknown, Size: ?, Duration: 2453ms
2025-12-07 06:09:01,807 - Knowledge - INFO - Worker kw20 processing /app/data/gemtektechnologycoltd2546/262/b4057o3/gtk-device-ui-sky-262/js/angular/angular-sanitize.min.js
2025-12-07 06:09:01,939 - Knowledge - INFO - Worker kw5 processing /app/data/gemtektechnologycoltd2546/262/b4057o3/gtk-device-ui-sky-262/js/Bootstrap/bootstrap-tour.js
2025-12-07 06:09:01,950 - Knowledge - ERROR - Timeout processing /app/data/gemtektechnologycoltd2546/262/b4057o3/gtk-device-ui-sky-262/pages/management/management-reboot.js after 90s
2025-12-07 06:09:02,078 - Knowledge - INFO - process ingested knowledge for /app/data/gemtektechnologycoltd2546/262/b4057o3/gtk-device-ui-sky-262/pages/adv_setting/adv_setting-parental_control.html
2025-12-07 06:09:02,382 - Knowledge - INFO - Progress: 41.0% | Files: 161/393 | Rate: 1.39 files/sec | Queue: 7
2025-12-07 06:09:02,420 - Knowledge - INFO - [LLM_CALL] Completed: wlan-wifi_indep5-ssid5.js:chunk1, Duration: 43435ms, PromptTokens: 4072, CompletionTokens: 794, Cost: $0.00072
2025-12-07 06:09:02,547 - Knowledge - INFO - Fast-tracked /app/data/gemtektechnologycoltd2546/262/b4057o3/gtk-device-ui-sky-262/js/angular/angular-sanitize.min.js (ext=.js, size=6079)
2025-12-07 06:09:02,784 - Knowledge - INFO - Worker kw5 processing /app/data/gemtektechnologycoltd2546/262/b4057o3/gtk-device-ui-sky-262/js/Bootstrap/bootstrap.js
2025-12-07 06:09:02,830 - Knowledge - ERROR - Timeout processing /app/data/gemtektechnologycoltd2546/262/b4057o3/gtk-device-ui-sky-262/pages/management/management-reboot.html after 90s
2025-12-07 06:09:02,948 - Knowledge - INFO - process ingested knowledge for /app/data/gemtektechnologycoltd2546/262/b4057o3/gtk-device-ui-sky-262/pages/adv_setting/adv_setting-cwmp.html
2025-12-07 06:09:03,093 - Knowledge - INFO - [kw6] Queue=7, InProgress=0, PendingWorkers=20/20, Completed=161/393 (41.0%)
2025-12-07 06:09:03,221 - Knowledge - INFO - done ingest for /app/data/gemtektechnologycoltd2546/262/b4057o3/gtk-device-ui-sky-262/pages/wlan/wifi_indep5/wlan-wifi_indep5-ssid5.js
2025-12-07 06:09:03,225 - Knowledge - INFO - [kw2] Queue=7, InProgress=0, PendingWorkers=20/20, Completed=161/393 (41.0%)
2025-12-07 06:09:03,231 - Knowledge - INFO - [LLM_CALL] Completed: status-wifiNeighbor.js:chunk1, Duration: 52648ms, PromptTokens: 5002, CompletionTokens: 1066, Cost: $0.00093
2025-12-07 06:09:03,368 - Knowledge - INFO - Worker kw20 processing /app/data/gemtektechnologycoltd2546/262/b4057o3/gtk-device-ui-sky-262/js/angular/sortable.js
2025-12-07 06:09:03,500 - Knowledge - INFO - Worker kw5 processing /app/data/gemtektechnologycoltd2546/262/b4057o3/gtk-device-ui-sky-262/js/Bootstrap/bootstrap.min.js
2025-12-07 06:09:03,635 - Knowledge - ERROR - Timeout processing /app/data/gemtektechnologycoltd2546/262/b4057o3/gtk-device-ui-sky-262/pages/management/management-account.js after 90s
2025-12-07 06:09:03,806 - Knowledge - INFO - process ingested knowledge for /app/data/gemtektechnologycoltd2546/262/b4057o3/gtk-device-ui-sky-262/pages/adv_setting/adv_setting-parental_control.jsx
2025-12-07 06:09:03,955 - Knowledge - INFO - Batch sizing: calculated=7, max_allowed=25, queue=7, active_workers=20/20
2025-12-07 06:09:04,196 - Knowledge - INFO - Batch sizing: calculated=7, max_allowed=25, queue=7, active_workers=20/20
2025-12-07 06:09:04,338 - Knowledge - INFO - done ingest for /app/data/gemtektechnologycoltd2546/262/b4057o3/gtk-device-ui-sky-262/pages/status/status-wifiNeighbor.js
2025-12-07 06:09:04,454 - Knowledge - INFO - Worker kw20 processing /app/data/gemtektechnologycoltd2546/262/b4057o3/gtk-device-ui-sky-262/js/jquery-1.11.1.min.js
2025-12-07 06:09:04,623 - Knowledge - INFO - Fast-tracked /app/data/gemtektechnologycoltd2546/262/b4057o3/gtk-device-ui-sky-262/js/Bootstrap/bootstrap.min.js (ext=.js, size=37045)
2025-12-07 06:09:04,926 - Knowledge - INFO - process ingested knowledge for /app/data/gemtektechnologycoltd2546/262/b4057o3/gtk-device-ui-sky-262/pages/adv_setting/adv_setting-cwmp.jsx
2025-12-07 06:09:04,946 - Knowledge - INFO - [LLM_CALL] Completed: application-ddns.html:chunk1, Duration: 22366ms, PromptTokens: 5776, CompletionTokens: 388, Cost: $0.00073
2025-12-07 06:09:05,365 - Knowledge - ERROR - Timeout processing /app/data/gemtektechnologycoltd2546/262/b4057o3/gtk-device-ui-sky-262/pages/status/status-throughput.js after 90s
2025-12-07 06:09:05,425 - Knowledge - INFO - Fast-tracked /app/data/gemtektechnologycoltd2546/262/b4057o3/gtk-device-ui-sky-262/js/jquery-1.11.1.min.js (ext=.js, size=95786)
2025-12-07 06:09:05,476 - Knowledge - ERROR - Timeout processing /app/data/gemtektechnologycoltd2546/262/b4057o3/gtk-device-ui-sky-262/pages/wlan/wifi_indep6/wlan-wifi_indep6-configuration6.js after 90s
2025-12-07 06:09:05,535 - Knowledge - INFO - Worker kw5 processing /app/data/gemtektechnologycoltd2546/262/b4057o3/gtk-device-ui-sky-262/js/jquery-3.7.1.min.js
2025-12-07 06:09:05,635 - Knowledge - INFO - process ingested knowledge for /app/data/gemtektechnologycoltd2546/262/b4057o3/gtk-device-ui-sky-262/pages/status/status-wifiMesh.jsx
2025-12-07 06:09:05,781 - Knowledge - INFO - done ingest for /app/data/gemtektechnologycoltd2546/262/b4057o3/gtk-device-ui-sky-262/pages/application/application-ddns.html
2025-12-07 06:09:05,782 - Knowledge - INFO - Async storing batch of 15 embeddings
2025-12-07 06:09:05,804 - Knowledge - INFO - [LLM_CALL] Completed: basic_setting-routing.js:chunk1, Duration: 60408ms, PromptTokens: 4804, CompletionTokens: 786, Cost: $0.00079
2025-12-07 06:09:05,938 - Knowledge - WARNING - File /app/data/gemtektechnologycoltd2546/262/b4057o3/gtk-device-ui-sky-262/pages/status/status-wan.js not successfully processed
2025-12-07 06:09:06,043 - Knowledge - INFO - Worker kw20 processing /app/data/gemtektechnologycoltd2546/262/b4057o3/gtk-device-ui-sky-262/js/d3_3.2.8.js
2025-12-07 06:09:06,318 - Knowledge - INFO - Fast-tracked /app/data/gemtektechnologycoltd2546/262/b4057o3/gtk-device-ui-sky-262/js/jquery-3.7.1.min.js (ext=.js, size=87533)
2025-12-07 06:09:06,513 - Knowledge - INFO - process ingested knowledge for /app/data/gemtektechnologycoltd2546/262/b4057o3/gtk-device-ui-sky-262/pages/status/status-wifiMesh.html
2025-12-07 06:09:06,679 - Knowledge - WARNING - File /app/data/gemtektechnologycoltd2546/262/b4057o3/gtk-device-ui-sky-262/pages/application/storage/application-storage-storage_account.html not successfully processed
2025-12-07 06:09:06,765 - Knowledge - INFO - Worker kw6 processing /app/data/gemtektechnologycoltd2546/262/b4057o3/gtk-device-ui-sky-262/js/wapi-min.js
2025-12-07 06:09:06,894 - Knowledge - INFO - done ingest for /app/data/gemtektechnologycoltd2546/262/b4057o3/gtk-device-ui-sky-262/pages/basic_setting/basic_setting-routing.js
2025-12-07 06:09:07,044 - Knowledge - INFO - Fast-tracked /app/data/gemtektechnologycoltd2546/262/b4057o3/gtk-device-ui-sky-262/pages/wlan/wifi_indep6/wlan-wifi_indep6-configuration6.html (small file (2107 bytes))
2025-12-07 06:09:07,175 - Knowledge - INFO - Fast-tracked /app/data/gemtektechnologycoltd2546/262/b4057o3/gtk-device-ui-sky-262/js/d3_3.2.8.js (ext=.js, size=288572)
2025-12-07 06:09:07,193 - Knowledge - INFO - Fast-tracked /app/data/gemtektechnologycoltd2546/262/b4057o3/gtk-device-ui-sky-262/pages/basic_setting/wan/basic_setting-wan-port.html (small file (3030 bytes))
2025-12-07 06:09:07,238 - Knowledge - WARNING - File /app/data/gemtektechnologycoltd2546/262/b4057o3/gtk-device-ui-sky-262/pages/status/status-throughput.js not successfully processed
2025-12-07 06:09:07,292 - Knowledge - INFO - Worker kw5 processing /app/data/gemtektechnologycoltd2546/262/b4057o3/gtk-device-ui-sky-262/js/lang.js
2025-12-07 06:09:07,526 - Knowledge - INFO - process ingested knowledge for /app/data/gemtektechnologycoltd2546/262/b4057o3/gtk-device-ui-sky-262/pages/status/status-wifiMesh.js
2025-12-07 06:09:07,781 - Knowledge - WARNING - File /app/data/gemtektechnologycoltd2546/262/b4057o3/gtk-device-ui-sky-262/pages/application/storage/application-storage-storage_account.js not successfully processed
2025-12-07 06:09:07,854 - Knowledge - INFO - Worker kw6 processing /app/data/gemtektechnologycoltd2546/262/b4057o3/gtk-device-ui-sky-262/js/index.js
2025-12-07 06:09:08,010 - Knowledge - INFO - [LLM_CALL] Completed: wlan-wifi_indep5-configuration5.js:chunk1, Duration: 34812ms, PromptTokens: 4704, CompletionTokens: 864, Cost: $0.00082
2025-12-07 06:09:08,165 - Knowledge - ERROR - Timeout processing /app/data/gemtektechnologycoltd2546/262/b4057o3/gtk-device-ui-sky-262/pages/wlan/wifi_indep2/wlan-wifi_indep2-ssid2.js after 90s
2025-12-07 06:09:08,431 - Knowledge - ERROR - Timeout processing /app/data/gemtektechnologycoltd2546/262/b4057o3/gtk-device-ui-sky-262/pages/basic_setting/wlan/basic_setting-wlan-wifi_chs5.js after 90s
2025-12-07 06:09:08,853 - Knowledge - WARNING - File /app/data/gemtektechnologycoltd2546/262/b4057o3/gtk-device-ui-sky-262/pages/application/application-ddns.js not successfully processed
2025-12-07 06:09:09,004 - Knowledge - INFO - Worker kw6 processing /app/data/gemtektechnologycoltd2546/262/b4057o3/gtk-device-ui-sky-262/js/wlan-param.js
2025-12-07 06:09:09,130 - Knowledge - INFO - done ingest for /app/data/gemtektechnologycoltd2546/262/b4057o3/gtk-device-ui-sky-262/pages/wlan/wifi_indep5/wlan-wifi_indep5-configuration5.js
2025-12-07 06:09:09,266 - Knowledge - ERROR - Timeout processing /app/data/gemtektechnologycoltd2546/262/b4057o3/gtk-device-ui-sky-262/pages/wlan/wifi_indep2/wlan-wifi_indep2-configuration2.js after 90s
2025-12-07 06:09:09,431 - Knowledge - ERROR - Timeout processing /app/data/gemtektechnologycoltd2546/262/b4057o3/gtk-device-ui-sky-262/pages/basic_setting/wlan/basic_setting-wlan-wifi_basic_allinone.html after 90s
2025-12-07 06:09:09,705 - Knowledge - INFO - Worker kw6 processing /app/data/gemtektechnologycoltd2546/262/b4057o3/gtk-device-ui-sky-262/js/materialize/materialize.js
2025-12-07 06:09:09,792 - Knowledge - INFO - Processing batch of 12 files
2025-12-07 06:09:09,847 - Knowledge - WARNING - File /app/data/gemtektechnologycoltd2546/262/b4057o3/gtk-device-ui-sky-262/pages/wlan/wifi_indep6/wlan-wifi_indep6-configuration6.js not successfully processed
2025-12-07 06:09:10,156 - Knowledge - INFO - Fast-tracked /app/data/gemtektechnologycoltd2546/262/b4057o3/gtk-device-ui-sky-262/js/materialize/materialize.js (ext=.js, size=267975)
2025-12-07 06:09:10,256 - Knowledge - INFO - process ingested knowledge for /app/data/gemtektechnologycoltd2546/262/b4057o3/gtk-device-ui-sky-262/pages/basic_setting/basic_setting-routing.jsx
2025-12-07 06:09:10,343 - Knowledge - INFO - Processing batch of 13 files
2025-12-07 06:09:10,505 - Knowledge - INFO - Processing batch of 12 files
2025-12-07 06:09:10,506 - Knowledge - INFO - Worker kw6 processing /app/data/gemtektechnologycoltd2546/262/b4057o3/gtk-device-ui-sky-262/js/action-control.js
2025-12-07 06:09:10,620 - Knowledge - INFO - process ingested knowledge for /app/data/gemtektechnologycoltd2546/262/b4057o3/gtk-device-ui-sky-262/pages/basic_setting/basic_setting-routing.js
2025-12-07 06:09:10,743 - Knowledge - INFO - process ingested knowledge for /app/data/gemtektechnologycoltd2546/262/b4057o3/gtk-device-ui-sky-262/pages/status/status-wan.html
2025-12-07 06:09:10,862 - Knowledge - INFO - process ingested knowledge for /app/data/gemtektechnologycoltd2546/262/b4057o3/gtk-device-ui-sky-262/pages/application/storage/application-storage-storage_account.jsx
2025-12-07 06:09:11,009 - Knowledge - INFO - Fast-tracked /app/data/gemtektechnologycoltd2546/262/b4057o3/gtk-device-ui-sky-262/js/action-control.js (ext=.js, size=399)
2025-12-07 06:09:11,175 - Knowledge - INFO - process ingested knowledge for /app/data/gemtektechnologycoltd2546/262/b4057o3/gtk-device-ui-sky-262/main.html
2025-12-07 06:09:11,327 - Knowledge - INFO - process ingested knowledge for /app/data/gemtektechnologycoltd2546/262/b4057o3/gtk-device-ui-sky-262/pages/status/status-wan.jsx
2025-12-07 06:09:11,365 - Knowledge - INFO - process ingested knowledge for /app/data/gemtektechnologycoltd2546/262/b4057o3/gtk-device-ui-sky-262/pages/application/application-speedtest.jsx
2025-12-07 06:09:11,517 - Knowledge - INFO - Worker kw6 processing /app/data/gemtektechnologycoltd2546/262/b4057o3/gtk-device-ui-sky-262/index.html
2025-12-07 06:09:11,543 - Knowledge - INFO - Processing batch of 14 files
2025-12-07 06:09:11,905 - Knowledge - INFO - process ingested knowledge for /app/data/gemtektechnologycoltd2546/262/b4057o3/gtk-device-ui-sky-262/package.json
2025-12-07 06:09:11,907 - Knowledge - INFO - process ingested knowledge for /app/data/gemtektechnologycoltd2546/262/b4057o3/gtk-device-ui-sky-262/pages/application/application-speedtest.html
2025-12-07 06:09:11,915 - Knowledge - INFO - process ingested knowledge for /app/data/gemtektechnologycoltd2546/262/b4057o3/gtk-device-ui-sky-262/pages/status/status-throughput.jsx
2025-12-07 06:09:12,019 - Knowledge - INFO - [WEBSOCKET] Sent: Type=progress_update, Size: 292, Duration: 0ms
2025-12-07 06:09:12,047 - Knowledge - INFO - Fast-tracked /app/data/gemtektechnologycoltd2546/262/b4057o3/gtk-device-ui-sky-262/index.html (ext=.html, size=154)
2025-12-07 06:09:12,135 - Knowledge - INFO - process ingested knowledge for /app/data/gemtektechnologycoltd2546/262/b4057o3/gtk-device-ui-sky-262/pages/wlan/wifi_indep6/wlan-wifi_indep6-configuration6.jsx
2025-12-07 06:09:12,264 - Knowledge - INFO - process ingested knowledge for /app/data/gemtektechnologycoltd2546/262/b4057o3/gtk-device-ui-sky-262/login.html
2025-12-07 06:09:12,360 - Knowledge - INFO - process ingested knowledge for /app/data/gemtektechnologycoltd2546/262/b4057o3/gtk-device-ui-sky-262/pages/application/application-speedtest.js
2025-12-07 06:09:12,523 - Knowledge - INFO - process ingested knowledge for /app/data/gemtektechnologycoltd2546/262/b4057o3/gtk-device-ui-sky-262/pages/status/status-throughput.html
2025-12-07 06:09:12,694 - Knowledge - INFO - [WEBSOCKET] Sent: Type=unknown, Size: ?, Duration: 676ms
2025-12-07 06:09:12,753 - Knowledge - INFO - Worker kw6 processing /app/data/gemtektechnologycoltd2546/262/b4057o3/gtk-device-ui-sky-262/pc-blocked.html
2025-12-07 06:09:12,902 - Knowledge - INFO - process ingested knowledge for /app/data/gemtektechnologycoltd2546/262/b4057o3/gtk-device-ui-sky-262/pages/wlan/wifi_indep5/wlan-wifi_indep5-ssid5.js
2025-12-07 06:09:13,073 - Knowledge - INFO - process ingested knowledge for /app/data/gemtektechnologycoltd2546/262/b4057o3/gtk-device-ui-sky-262/lang/en/adv_setting_service_control.json
2025-12-07 06:09:13,343 - Knowledge - INFO - process ingested knowledge for /app/data/gemtektechnologycoltd2546/262/b4057o3/gtk-device-ui-sky-262/pages/application/application-ddns.html
2025-12-07 06:09:13,446 - Knowledge - INFO - process ingested knowledge for /app/data/gemtektechnologycoltd2546/262/b4057o3/gtk-device-ui-sky-262/pages/status/status-wifiNeighbor.jsx
2025-12-07 06:09:13,568 - Knowledge - INFO - Progress: 53.9% | Files: 212/393 | Rate: 1.65 files/sec | Queue: 0
2025-12-07 06:09:13,574 - Knowledge - INFO - [LLM_CALL] Completed: management-settings-fw_upgrade.js:chunk1, Duration: 24252ms, PromptTokens: 4864, CompletionTokens: 1080, Cost: $0.00092
2025-12-07 06:09:13,906 - Knowledge - INFO - process ingested knowledge for /app/data/gemtektechnologycoltd2546/262/b4057o3/gtk-device-ui-sky-262/pages/wlan/wifi_indep5/wlan-wifi_indep5-ssid5.html
2025-12-07 06:09:14,029 - Knowledge - INFO - process ingested knowledge for /app/data/gemtektechnologycoltd2546/262/b4057o3/gtk-device-ui-sky-262/lang/en/basic_setting_wan_port.json
2025-12-07 06:09:14,216 - Knowledge - INFO - process ingested knowledge for /app/data/gemtektechnologycoltd2546/262/b4057o3/gtk-device-ui-sky-262/pages/application/application-ddns.jsx
2025-12-07 06:09:14,256 - Knowledge - INFO - process ingested knowledge for /app/data/gemtektechnologycoltd2546/262/b4057o3/gtk-device-ui-sky-262/pages/status/status-wifiNeighbor.html
2025-12-07 06:09:14,465 - Knowledge - INFO - done ingest for /app/data/gemtektechnologycoltd2546/262/b4057o3/gtk-device-ui-sky-262/pages/management/settings/management-settings-fw_upgrade.js
2025-12-07 06:09:14,576 - Knowledge - INFO - process ingested knowledge for /app/data/gemtektechnologycoltd2546/262/b4057o3/gtk-device-ui-sky-262/pages/wlan/wifi_indep5/wlan-wifi_indep5-ssid5.jsx
2025-12-07 06:09:14,650 - Knowledge - INFO - process ingested knowledge for /app/data/gemtektechnologycoltd2546/262/b4057o3/gtk-device-ui-sky-262/lang/en/dashboard.json
2025-12-07 06:09:14,752 - Knowledge - INFO - process ingested knowledge for /app/data/gemtektechnologycoltd2546/262/b4057o3/gtk-device-ui-sky-262/pages/application/application-dlna.jsx
2025-12-07 06:09:14,855 - Knowledge - INFO - process ingested knowledge for /app/data/gemtektechnologycoltd2546/262/b4057o3/gtk-device-ui-sky-262/pages/status/status-wifiNeighbor.js
2025-12-07 06:09:14,943 - Knowledge - WARNING - File /app/data/gemtektechnologycoltd2546/262/b4057o3/gtk-device-ui-sky-262/pages/management/management-reboot.js not successfully processed
2025-12-07 06:09:15,025 - Knowledge - INFO - process ingested knowledge for /app/data/gemtektechnologycoltd2546/262/b4057o3/gtk-device-ui-sky-262/pages/wlan/wifi_indep5/wlan-wifi_indep5-configuration5.js
2025-12-07 06:09:15,148 - Knowledge - INFO - process ingested knowledge for /app/data/gemtektechnologycoltd2546/262/b4057o3/gtk-device-ui-sky-262/lang/en/management_settings_multi_lang.json
2025-12-07 06:09:15,377 - Knowledge - INFO - process ingested knowledge for /app/data/gemtektechnologycoltd2546/262/b4057o3/gtk-device-ui-sky-262/pages/application/application-dlna.html
2025-12-07 06:09:15,458 - Knowledge - INFO - process ingested knowledge for /app/data/gemtektechnologycoltd2546/262/b4057o3/gtk-device-ui-sky-262/pages/status/status-dualImage.js
2025-12-07 06:09:15,521 - Knowledge - WARNING - File /app/data/gemtektechnologycoltd2546/262/b4057o3/gtk-device-ui-sky-262/pages/management/management-reboot.html not successfully processed
2025-12-07 06:09:15,746 - Knowledge - INFO - process ingested knowledge for /app/data/gemtektechnologycoltd2546/262/b4057o3/gtk-device-ui-sky-262/pages/wlan/wifi_indep5/wlan-wifi_indep5-configuration5.html
2025-12-07 06:09:15,810 - Knowledge - INFO - process ingested knowledge for /app/data/gemtektechnologycoltd2546/262/b4057o3/gtk-device-ui-sky-262/lang/en/application_storage_storage_account.json
2025-12-07 06:09:16,027 - Knowledge - INFO - process ingested knowledge for /app/data/gemtektechnologycoltd2546/262/b4057o3/gtk-device-ui-sky-262/pages/application/application-dlna.js
2025-12-07 06:09:16,102 - Knowledge - INFO - process ingested knowledge for /app/data/gemtektechnologycoltd2546/262/b4057o3/gtk-device-ui-sky-262/pages/status/status-dualImage.jsx
2025-12-07 06:09:16,367 - Knowledge - WARNING - File /app/data/gemtektechnologycoltd2546/262/b4057o3/gtk-device-ui-sky-262/pages/management/management-account.js not successfully processed
2025-12-07 06:09:16,415 - Knowledge - INFO - process ingested knowledge for /app/data/gemtektechnologycoltd2546/262/b4057o3/gtk-device-ui-sky-262/pages/wlan/wifi_indep5/wlan-wifi_indep5-configuration5.jsx
2025-12-07 06:09:16,582 - Knowledge - INFO - process ingested knowledge for /app/data/gemtektechnologycoltd2546/262/b4057o3/gtk-device-ui-sky-262/lang/en/basic_setting_wlan_wifi_chs5.json
2025-12-07 06:09:16,673 - Knowledge - INFO - process ingested knowledge for /app/data/gemtektechnologycoltd2546/262/b4057o3/gtk-device-ui-sky-262/pages/application/application-upnp.html
2025-12-07 06:09:16,781 - Knowledge - INFO - process ingested knowledge for /app/data/gemtektechnologycoltd2546/262/b4057o3/gtk-device-ui-sky-262/pages/status/status-dualImage.html
2025-12-07 06:09:17,026 - Knowledge - INFO - process ingested knowledge for /app/data/gemtektechnologycoltd2546/262/b4057o3/gtk-device-ui-sky-262/pages/wlan/wlan-wifi_adv_common.html
2025-12-07 06:09:17,118 - Knowledge - ERROR - Timeout processing /app/data/gemtektechnologycoltd2546/262/b4057o3/gtk-device-ui-sky-262/pages/wlan/wlan-wifi_mlo.js after 90s
2025-12-07 06:09:17,159 - Knowledge - INFO - process ingested knowledge for /app/data/gemtektechnologycoltd2546/262/b4057o3/gtk-device-ui-sky-262/lang/en/basic_setting_wlan_mpt.json
2025-12-07 06:09:17,262 - Knowledge - INFO - process ingested knowledge for /app/data/gemtektechnologycoltd2546/262/b4057o3/gtk-device-ui-sky-262/pages/application/application-upnp.jsx
2025-12-07 06:09:17,368 - Knowledge - INFO - process ingested knowledge for /app/data/gemtektechnologycoltd2546/262/b4057o3/gtk-device-ui-sky-262/pages/status/status-single_wan.js
2025-12-07 06:09:17,503 - Knowledge - INFO - process ingested knowledge for /app/data/gemtektechnologycoltd2546/262/b4057o3/gtk-device-ui-sky-262/pages/wlan/wlan-wifi_adv_common.jsx
2025-12-07 06:09:17,609 - Knowledge - INFO - Processing batch of 12 files
2025-12-07 06:09:17,966 - Knowledge - INFO - process ingested knowledge for /app/data/gemtektechnologycoltd2546/262/b4057o3/gtk-device-ui-sky-262/pages/application/application-upnp.js
2025-12-07 06:09:18,617 - Knowledge - INFO - process ingested knowledge for /app/data/gemtektechnologycoltd2546/262/b4057o3/gtk-device-ui-sky-262/pages/status/status-single_wan.jsx
2025-12-07 06:09:18,634 - Knowledge - INFO - process ingested knowledge for /app/data/gemtektechnologycoltd2546/262/b4057o3/gtk-device-ui-sky-262/pages/wlan/wlan-wifi_adv_common.js
2025-12-07 06:09:18,671 - Knowledge - INFO - process ingested knowledge for /app/data/gemtektechnologycoltd2546/262/b4057o3/gtk-device-ui-sky-262/pages/management/management-reboot.jsx
2025-12-07 06:09:19,051 - Knowledge - INFO - process ingested knowledge for /app/data/gemtektechnologycoltd2546/262/b4057o3/gtk-device-ui-sky-262/pages/status/status-single_wan.html
2025-12-07 06:09:19,115 - Knowledge - INFO - process ingested knowledge for /app/data/gemtektechnologycoltd2546/262/b4057o3/gtk-device-ui-sky-262/pages/singlepage.jsx
2025-12-07 06:09:19,564 - Knowledge - INFO - process ingested knowledge for /app/data/gemtektechnologycoltd2546/262/b4057o3/gtk-device-ui-sky-262/pages/management/management-account.jsx
2025-12-07 06:09:20,518 - Knowledge - INFO - process ingested knowledge for /app/data/gemtektechnologycoltd2546/262/b4057o3/gtk-device-ui-sky-262/pages/tabspage.jsx
2025-12-07 06:09:20,536 - Knowledge - INFO - process ingested knowledge for /app/data/gemtektechnologycoltd2546/262/b4057o3/gtk-device-ui-sky-262/pages/management/management-account.html
2025-12-07 06:09:20,634 - Knowledge - INFO - [LLM_CALL] Completed: wlan-wifi_mlo.html:chunk1, Duration: 43804ms, PromptTokens: 2830, CompletionTokens: 625, Cost: $0.00053
2025-12-07 06:09:20,914 - Knowledge - INFO - process ingested knowledge for /app/data/gemtektechnologycoltd2546/262/b4057o3/gtk-device-ui-sky-262/pages/singlepage.js
2025-12-07 06:09:20,978 - Knowledge - INFO - done ingest for /app/data/gemtektechnologycoltd2546/262/b4057o3/gtk-device-ui-sky-262/pages/wlan/wlan-wifi_mlo.html
2025-12-07 06:09:20,978 - Knowledge - INFO - [LLM_CALL] Completed: basic_setting-wan-wan.html:chunk1, Duration: 28569ms, PromptTokens: 15010, CompletionTokens: 635, Cost: $0.00176
2025-12-07 06:09:20,981 - Knowledge - INFO - process ingested knowledge for /app/data/gemtektechnologycoltd2546/262/b4057o3/gtk-device-ui-sky-262/pages/management/settings/management-settings-reset_dafault.js
2025-12-07 06:09:21,201 - Knowledge - INFO - process ingested knowledge for /app/data/gemtektechnologycoltd2546/262/b4057o3/gtk-device-ui-sky-262/pages/tabspage.html
2025-12-07 06:09:21,367 - Knowledge - INFO - done ingest for /app/data/gemtektechnologycoltd2546/262/b4057o3/gtk-device-ui-sky-262/pages/basic_setting/wan/basic_setting-wan-wan.html
2025-12-07 06:09:21,898 - Knowledge - INFO - process ingested knowledge for /app/data/gemtektechnologycoltd2546/262/b4057o3/gtk-device-ui-sky-262/pages/management/settings/management-settings-reset_dafault.jsx
2025-12-07 06:09:22,422 - Knowledge - INFO - [LLM_CALL] Completed: basic_setting-wan-wan.js:chunk1, Duration: 49429ms, PromptTokens: 12624, CompletionTokens: 1179, Cost: $0.00173
2025-12-07 06:09:22,534 - Knowledge - INFO - Fast-tracked /app/data/gemtektechnologycoltd2546/262/b4057o3/gtk-device-ui-sky-262/pages/management/tools/management-tools-traceroute.html (small file (3063 bytes))
2025-12-07 06:09:22,674 - Knowledge - INFO - done ingest for /app/data/gemtektechnologycoltd2546/262/b4057o3/gtk-device-ui-sky-262/pages/basic_setting/wan/basic_setting-wan-wan.js
2025-12-07 06:09:22,942 - Knowledge - INFO - process ingested knowledge for /app/data/gemtektechnologycoltd2546/262/b4057o3/gtk-device-ui-sky-262/pages/management/settings/management-settings-reset_dafault.html
2025-12-07 06:09:23,016 - Knowledge - WARNING - File /app/data/gemtektechnologycoltd2546/262/b4057o3/gtk-device-ui-sky-262/pages/basic_setting/wlan/basic_setting-wlan-wifi_chs5.js not successfully processed
2025-12-07 06:09:23,096 - Knowledge - INFO - [LLM_CALL] Completed: wlan-wifi_indep6-ssid6.js:chunk1, Duration: 30799ms, PromptTokens: 4072, CompletionTokens: 1110, Cost: $0.00085
2025-12-07 06:09:23,250 - Knowledge - WARNING - File /app/data/gemtektechnologycoltd2546/262/b4057o3/gtk-device-ui-sky-262/pages/basic_setting/wlan/basic_setting-wlan-wifi_basic_allinone.html not successfully processed
2025-12-07 06:09:23,273 - Knowledge - INFO - process ingested knowledge for /app/data/gemtektechnologycoltd2546/262/b4057o3/gtk-device-ui-sky-262/pages/management/settings/management-settings-backup.jsx
2025-12-07 06:09:23,349 - Knowledge - INFO - done ingest for /app/data/gemtektechnologycoltd2546/262/b4057o3/gtk-device-ui-sky-262/pages/wlan/wifi_indep6/wlan-wifi_indep6-ssid6.js
2025-12-07 06:09:23,724 - Knowledge - INFO - process ingested knowledge for /app/data/gemtektechnologycoltd2546/262/b4057o3/gtk-device-ui-sky-262/pages/management/settings/management-settings-backup.html
2025-12-07 06:09:24,087 - Knowledge - INFO - process ingested knowledge for /app/data/gemtektechnologycoltd2546/262/b4057o3/gtk-device-ui-sky-262/pages/management/settings/management-settings-backup.js
2025-12-07 06:09:24,152 - Knowledge - WARNING - File /app/data/gemtektechnologycoltd2546/262/b4057o3/gtk-device-ui-sky-262/pages/wlan/wifi_indep2/wlan-wifi_indep2-ssid2.js not successfully processed
2025-12-07 06:09:24,277 - Knowledge - INFO - [WEBSOCKET] Sent: Type=progress_update, Size: 293, Duration: 0ms
2025-12-07 06:09:24,388 - Knowledge - WARNING - File /app/data/gemtektechnologycoltd2546/262/b4057o3/gtk-device-ui-sky-262/pages/wlan/wifi_indep2/wlan-wifi_indep2-configuration2.js not successfully processed
2025-12-07 06:09:24,431 - Knowledge - INFO - process ingested knowledge for /app/data/gemtektechnologycoltd2546/262/b4057o3/gtk-device-ui-sky-262/pages/management/settings/management-settings-fw_upgrade.js
2025-12-07 06:09:24,496 - Knowledge - INFO - [WEBSOCKET] Sent: Type=unknown, Size: ?, Duration: 219ms
2025-12-07 06:09:24,756 - Knowledge - INFO - Progress: 58.8% | Files: 234/393 | Rate: 1.66 files/sec | Queue: 0
2025-12-07 06:09:24,804 - Knowledge - INFO - process ingested knowledge for /app/data/gemtektechnologycoltd2546/262/b4057o3/gtk-device-ui-sky-262/pages/management/settings/management-settings-multi_lang.jsx
2025-12-07 06:09:24,852 - Knowledge - WARNING - File /app/data/gemtektechnologycoltd2546/262/b4057o3/gtk-device-ui-sky-262/pages/wlan/wlan-wifi_mlo.js not successfully processed
2025-12-07 06:09:25,093 - Knowledge - INFO - process ingested knowledge for /app/data/gemtektechnologycoltd2546/262/b4057o3/gtk-device-ui-sky-262/pages/management/settings/management-settings-multi_lang.html
2025-12-07 06:09:25,114 - Knowledge - INFO - Processing batch of 10 files
2025-12-07 06:09:25,264 - Knowledge - INFO - Processing batch of 12 files
2025-12-07 06:09:25,419 - Knowledge - INFO - process ingested knowledge for /app/data/gemtektechnologycoltd2546/262/b4057o3/gtk-device-ui-sky-262/pages/basic_setting/wlan/basic_setting-wlan-mpt.jsx
2025-12-07 06:09:25,537 - Knowledge - INFO - process ingested knowledge for /app/data/gemtektechnologycoltd2546/262/b4057o3/gtk-device-ui-sky-262/pages/singlepage.html
2025-12-07 06:09:25,678 - Knowledge - INFO - process ingested knowledge for /app/data/gemtektechnologycoltd2546/262/b4057o3/gtk-device-ui-sky-262/pages/basic_setting/wlan/basic_setting-wlan-mpt.html
2025-12-07 06:09:25,768 - Knowledge - INFO - process ingested knowledge for /app/data/gemtektechnologycoltd2546/262/b4057o3/gtk-device-ui-sky-262/pages/tabspage.js
2025-12-07 06:09:25,938 - Knowledge - INFO - process ingested knowledge for /app/data/gemtektechnologycoltd2546/262/b4057o3/gtk-device-ui-sky-262/pages/basic_setting/wlan/basic_setting-wlan-wifi_basic_allinone.jsx
2025-12-07 06:09:26,024 - Knowledge - INFO - process ingested knowledge for /app/data/gemtektechnologycoltd2546/262/b4057o3/gtk-device-ui-sky-262/pages/wlan/wifi_indep2/wlan-wifi_indep2-ssid2.html
2025-12-07 06:09:26,198 - Knowledge - INFO - process ingested knowledge for /app/data/gemtektechnologycoltd2546/262/b4057o3/gtk-device-ui-sky-262/pages/basic_setting/wlan/basic_setting-wlan-wifi_chs5.html
2025-12-07 06:09:26,280 - Knowledge - INFO - process ingested knowledge for /app/data/gemtektechnologycoltd2546/262/b4057o3/gtk-device-ui-sky-262/pages/wlan/wifi_indep2/wlan-wifi_indep2-ssid2.jsx
2025-12-07 06:09:26,388 - Knowledge - INFO - process ingested knowledge for /app/data/gemtektechnologycoltd2546/262/b4057o3/gtk-device-ui-sky-262/pages/basic_setting/wlan/basic_setting-wlan-wifi_chs5.jsx
2025-12-07 06:09:26,478 - Knowledge - INFO - process ingested knowledge for /app/data/gemtektechnologycoltd2546/262/b4057o3/gtk-device-ui-sky-262/pages/wlan/wifi_indep2/wlan-wifi_indep2-configuration2.jsx
2025-12-07 06:09:26,569 - Knowledge - INFO - process ingested knowledge for /app/data/gemtektechnologycoltd2546/262/b4057o3/gtk-device-ui-sky-262/pages/basic_setting/wan/basic_setting-wan-wan.js
2025-12-07 06:09:26,685 - Knowledge - INFO - process ingested knowledge for /app/data/gemtektechnologycoltd2546/262/b4057o3/gtk-device-ui-sky-262/pages/wlan/wifi_indep2/wlan-wifi_indep2-configuration2.html
2025-12-07 06:09:26,763 - Knowledge - INFO - process ingested knowledge for /app/data/gemtektechnologycoltd2546/262/b4057o3/gtk-device-ui-sky-262/pages/basic_setting/wan/basic_setting-wan-wan.html
2025-12-07 06:09:26,898 - Knowledge - INFO - process ingested knowledge for /app/data/gemtektechnologycoltd2546/262/b4057o3/gtk-device-ui-sky-262/pages/wlan/wlan-wifi_mlo.jsx
2025-12-07 06:09:27,006 - Knowledge - INFO - process ingested knowledge for /app/data/gemtektechnologycoltd2546/262/b4057o3/gtk-device-ui-sky-262/pages/basic_setting/wan/basic_setting-wan-wan.jsx
2025-12-07 06:09:27,093 - Knowledge - INFO - process ingested knowledge for /app/data/gemtektechnologycoltd2546/262/b4057o3/gtk-device-ui-sky-262/pages/wlan/wlan-wifi_mlo.html
2025-12-07 06:09:27,196 - Knowledge - INFO - process ingested knowledge for /app/data/gemtektechnologycoltd2546/262/b4057o3/gtk-device-ui-sky-262/pages/basic_setting/wan/basic_setting-wan-port.html
2025-12-07 06:09:27,318 - Knowledge - INFO - process ingested knowledge for /app/data/gemtektechnologycoltd2546/262/b4057o3/gtk-device-ui-sky-262/pages/wlan/wifi_indep6/wlan-wifi_indep6-ssid6.js
2025-12-07 06:09:27,430 - Knowledge - INFO - process ingested knowledge for /app/data/gemtektechnologycoltd2546/262/b4057o3/gtk-device-ui-sky-262/pages/basic_setting/wan/basic_setting-wan-port.jsx
2025-12-07 06:09:27,500 - Knowledge - INFO - process ingested knowledge for /app/data/gemtektechnologycoltd2546/262/b4057o3/gtk-device-ui-sky-262/pages/wlan/wifi_indep6/wlan-wifi_indep6-ssid6.html
2025-12-07 06:09:27,643 - Knowledge - INFO - Split /app/data/gemtektechnologycoltd2546/262/b4057o3/gtk-device-ui-sky-262/js/index.js (99241 bytes) into 4 chunks of ~32KB
2025-12-07 06:09:27,758 - Knowledge - INFO - process ingested knowledge for /app/data/gemtektechnologycoltd2546/262/b4057o3/gtk-device-ui-sky-262/pages/wlan/wifi_indep6/wlan-wifi_indep6-ssid6.jsx
2025-12-07 06:09:27,999 - Knowledge - INFO - process ingested knowledge for /app/data/gemtektechnologycoltd2546/262/b4057o3/gtk-device-ui-sky-262/pages/wlan/wifi_indep6/wlan-wifi_indep6-configuration6.html
2025-12-07 06:09:28,948 - Knowledge - INFO - [WEBSOCKET] Sent: Type=progress_update, Size: 289, Duration: 0ms
2025-12-07 06:09:29,131 - Knowledge - INFO - [WEBSOCKET] Sent: Type=unknown, Size: ?, Duration: 183ms
2025-12-07 06:09:29,330 - Knowledge - INFO - Progress: 62.6% | Files: 246/393 | Rate: 1.69 files/sec | Queue: 0
2025-12-07 06:09:29,747 - Knowledge - ERROR - Timeout processing /app/data/gemtektechnologycoltd2546/262/b4057o3/gtk-device-ui-sky-262/pages/management/management-opmode.js after 90s
2025-12-07 06:09:29,930 - Knowledge - ERROR - Timeout processing /app/data/gemtektechnologycoltd2546/262/b4057o3/gtk-device-ui-sky-262/pages/management/management-ntp.js after 90s
2025-12-07 06:09:30,118 - Knowledge - ERROR - Timeout processing /app/data/gemtektechnologycoltd2546/262/b4057o3/gtk-device-ui-sky-262/pages/management/management-ntp.html after 90s
2025-12-07 06:09:30,304 - Knowledge - ERROR - Timeout processing /app/data/gemtektechnologycoltd2546/262/b4057o3/gtk-device-ui-sky-262/pages/dashboard.html after 90s
2025-12-07 06:09:30,515 - Knowledge - ERROR - Timeout processing /app/data/gemtektechnologycoltd2546/262/b4057o3/gtk-device-ui-sky-262/pages/basic_setting/seciruty/basic_setting-seciruty-macfilter.js after 90s
2025-12-07 06:09:30,790 - Knowledge - ERROR - Timeout processing /app/data/gemtektechnologycoltd2546/262/b4057o3/gtk-device-ui-sky-262/pages/basic_setting/seciruty/basic_setting-seciruty-ipfilter.html after 90s
2025-12-07 06:09:31,051 - Knowledge - WARNING - File /app/data/gemtektechnologycoltd2546/262/b4057o3/gtk-device-ui-sky-262/pages/management/management-opmode.js not successfully processed
2025-12-07 06:09:31,229 - Knowledge - WARNING - File /app/data/gemtektechnologycoltd2546/262/b4057o3/gtk-device-ui-sky-262/pages/management/management-ntp.js not successfully processed
2025-12-07 06:09:31,394 - Knowledge - ERROR - Timeout processing /app/data/gemtektechnologycoltd2546/262/b4057o3/gtk-device-ui-sky-262/pages/basic_setting/nat/basic_setting-nat-portforward.html after 90s
2025-12-07 06:09:31,482 - Knowledge - WARNING - File /app/data/gemtektechnologycoltd2546/262/b4057o3/gtk-device-ui-sky-262/pages/management/management-ntp.html not successfully processed
2025-12-07 06:09:31,609 - Knowledge - ERROR - Timeout processing /app/data/gemtektechnologycoltd2546/262/b4057o3/gtk-device-ui-sky-262/pages/basic_setting/nat/basic_setting-nat-alg.html after 90s
2025-12-07 06:09:31,707 - Knowledge - ERROR - Timeout processing /app/data/gemtektechnologycoltd2546/262/b4057o3/gtk-device-ui-sky-262/pages/basic_setting/wlan/basic_setting-wlan-wifi_basic5.html after 90s
2025-12-07 06:09:31,718 - Knowledge - WARNING - File /app/data/gemtektechnologycoltd2546/262/b4057o3/gtk-device-ui-sky-262/pages/dashboard.html not successfully processed
2025-12-07 06:09:31,821 - Knowledge - ERROR - Timeout processing /app/data/gemtektechnologycoltd2546/262/b4057o3/gtk-device-ui-sky-262/pages/basic_setting/lan/basic_setting-lan-lan6.js after 90s
2025-12-07 06:09:31,918 - Knowledge - ERROR - Timeout processing /app/data/gemtektechnologycoltd2546/262/b4057o3/gtk-device-ui-sky-262/pages/basic_setting/wlan/basic_setting-wlan-wireless_connection.js after 90s
2025-12-07 06:09:32,044 - Knowledge - WARNING - File /app/data/gemtektechnologycoltd2546/262/b4057o3/gtk-device-ui-sky-262/pages/basic_setting/seciruty/basic_setting-seciruty-macfilter.js not successfully processed
2025-12-07 06:09:32,125 - Knowledge - ERROR - Timeout processing /app/data/gemtektechnologycoltd2546/262/b4057o3/gtk-device-ui-sky-262/pages/basic_setting/lan/basic_setting-lan-lan6.html after 90s
2025-12-07 06:09:32,218 - Knowledge - ERROR - Timeout processing /app/data/gemtektechnologycoltd2546/262/b4057o3/gtk-device-ui-sky-262/pages/basic_setting/wlan/basic_setting-wlan-mesh.js after 90s
2025-12-07 06:09:32,342 - Knowledge - WARNING - File /app/data/gemtektechnologycoltd2546/262/b4057o3/gtk-device-ui-sky-262/pages/basic_setting/seciruty/basic_setting-seciruty-ipfilter.html not successfully processed
2025-12-07 06:09:32,432 - Knowledge - ERROR - Timeout processing /app/data/gemtektechnologycoltd2546/262/b4057o3/gtk-device-ui-sky-262/pages/basic_setting/lan/basic_setting-lan-lan4.html after 90s
2025-12-07 06:09:32,524 - Knowledge - ERROR - Timeout processing /app/data/gemtektechnologycoltd2546/262/b4057o3/gtk-device-ui-sky-262/pages/basic_setting/wlan/basic_setting-wlan-wireless_connection.html after 90s
2025-12-07 06:09:32,636 - Knowledge - INFO - Processing batch of 9 files
2025-12-07 06:09:32,727 - Knowledge - ERROR - Timeout processing /app/data/gemtektechnologycoltd2546/262/b4057o3/gtk-device-ui-sky-262/pages/basic_setting/lan/basic_setting-lan-lan4.js after 90s
2025-12-07 06:09:32,814 - Knowledge - ERROR - Timeout processing /app/data/gemtektechnologycoltd2546/262/b4057o3/gtk-device-ui-sky-262/pages/basic_setting/wlan/basic_setting-wlan-mesh.html after 90s
2025-12-07 06:09:32,909 - Knowledge - INFO - process ingested knowledge for /app/data/gemtektechnologycoltd2546/262/b4057o3/gtk-device-ui-sky-262/pages/management/tools/management-tools-remotecapture.js
2025-12-07 06:09:33,009 - Knowledge - WARNING - File /app/data/gemtektechnologycoltd2546/262/b4057o3/gtk-device-ui-sky-262/pages/basic_setting/nat/basic_setting-nat-portforward.html not successfully processed
2025-12-07 06:09:33,115 - Knowledge - ERROR - Timeout processing /app/data/gemtektechnologycoltd2546/262/b4057o3/gtk-device-ui-sky-262/pages/basic_setting/wlan/basic_setting-wlan-wifi_basic5.js after 90s
2025-12-07 06:09:33,210 - Knowledge - INFO - process ingested knowledge for /app/data/gemtektechnologycoltd2546/262/b4057o3/gtk-device-ui-sky-262/pages/management/tools/management-tools-remotecapture.jsx
2025-12-07 06:09:33,304 - Knowledge - ERROR - Timeout processing /app/data/gemtektechnologycoltd2546/262/b4057o3/gtk-device-ui-sky-262/pages/management/settings/management-settings-fw_upgrade.html after 90s
2025-12-07 06:09:33,337 - Knowledge - WARNING - File /app/data/gemtektechnologycoltd2546/262/b4057o3/gtk-device-ui-sky-262/pages/basic_setting/nat/basic_setting-nat-alg.html not successfully processed
2025-12-07 06:09:33,406 - Knowledge - ERROR - Timeout processing /app/data/gemtektechnologycoltd2546/262/b4057o3/gtk-device-ui-sky-262/pages/basic_setting/wlan/basic_setting-wlan-wifi_basic_allinone.js after 90s
2025-12-07 06:09:33,517 - Knowledge - INFO - process ingested knowledge for /app/data/gemtektechnologycoltd2546/262/b4057o3/gtk-device-ui-sky-262/pages/management/tools/management-tools-remotecapture.html
2025-12-07 06:09:33,617 - Knowledge - ERROR - Timeout processing /app/data/gemtektechnologycoltd2546/262/b4057o3/gtk-device-ui-sky-262/pages/management/tools/management-tools-inform_ctrl.js after 90s
2025-12-07 06:09:33,745 - Knowledge - WARNING - File /app/data/gemtektechnologycoltd2546/262/b4057o3/gtk-device-ui-sky-262/pages/basic_setting/lan/basic_setting-lan-lan6.js not successfully processed
2025-12-07 06:09:33,814 - Knowledge - WARNING - File /app/data/gemtektechnologycoltd2546/262/b4057o3/gtk-device-ui-sky-262/pages/basic_setting/wlan/basic_setting-wlan-wifi_basic5.html not successfully processed
2025-12-07 06:09:33,932 - Knowledge - INFO - process ingested knowledge for /app/data/gemtektechnologycoltd2546/262/b4057o3/gtk-device-ui-sky-262/pages/management/management-opmode.jsx
2025-12-07 06:09:34,025 - Knowledge - ERROR - Timeout processing /app/data/gemtektechnologycoltd2546/262/b4057o3/gtk-device-ui-sky-262/pages/management/tools/management-tools-inform_ctrl.html after 90s
2025-12-07 06:09:34,170 - Knowledge - WARNING - File /app/data/gemtektechnologycoltd2546/262/b4057o3/gtk-device-ui-sky-262/pages/basic_setting/lan/basic_setting-lan-lan6.html not successfully processed
2025-12-07 06:09:34,250 - Knowledge - WARNING - File /app/data/gemtektechnologycoltd2546/262/b4057o3/gtk-device-ui-sky-262/pages/basic_setting/wlan/basic_setting-wlan-wireless_connection.js not successfully processed
2025-12-07 06:09:34,347 - Knowledge - INFO - process ingested knowledge for /app/data/gemtektechnologycoltd2546/262/b4057o3/gtk-device-ui-sky-262/pages/management/management-opmode.html
2025-12-07 06:09:34,466 - Knowledge - ERROR - Timeout processing /app/data/gemtektechnologycoltd2546/262/b4057o3/gtk-device-ui-sky-262/pages/management/tools/management-tools-nslookup.js after 90s
2025-12-07 06:09:34,580 - Knowledge - WARNING - File /app/data/gemtektechnologycoltd2546/262/b4057o3/gtk-device-ui-sky-262/pages/basic_setting/lan/basic_setting-lan-lan4.html not successfully processed
2025-12-07 06:09:34,663 - Knowledge - WARNING - File /app/data/gemtektechnologycoltd2546/262/b4057o3/gtk-device-ui-sky-262/pages/basic_setting/wlan/basic_setting-wlan-mesh.js not successfully processed
2025-12-07 06:09:34,738 - Knowledge - INFO - process ingested knowledge for /app/data/gemtektechnologycoltd2546/262/b4057o3/gtk-device-ui-sky-262/pages/management/management-remote.js
2025-12-07 06:09:34,818 - Knowledge - ERROR - Timeout processing /app/data/gemtektechnologycoltd2546/262/b4057o3/gtk-device-ui-sky-262/pages/management/tools/management-tools-traceroute.js after 90s
2025-12-07 06:09:34,893 - Knowledge - WARNING - File /app/data/gemtektechnologycoltd2546/262/b4057o3/gtk-device-ui-sky-262/pages/basic_setting/lan/basic_setting-lan-lan4.js not successfully processed
2025-12-07 06:09:34,978 - Knowledge - WARNING - File /app/data/gemtektechnologycoltd2546/262/b4057o3/gtk-device-ui-sky-262/pages/basic_setting/wlan/basic_setting-wlan-wireless_connection.html not successfully processed
2025-12-07 06:09:35,096 - Knowledge - INFO - process ingested knowledge for /app/data/gemtektechnologycoltd2546/262/b4057o3/gtk-device-ui-sky-262/pages/management/management-remote.html
2025-12-07 06:09:35,176 - Knowledge - ERROR - Timeout processing /app/data/gemtektechnologycoltd2546/262/b4057o3/gtk-device-ui-sky-262/pages/management/tools/management-tools-ping.js after 90s
2025-12-07 06:09:35,266 - Knowledge - INFO - Processing batch of 6 files
2025-12-07 06:09:35,379 - Knowledge - WARNING - File /app/data/gemtektechnologycoltd2546/262/b4057o3/gtk-device-ui-sky-262/pages/basic_setting/wlan/basic_setting-wlan-mesh.html not successfully processed
2025-12-07 06:09:35,451 - Knowledge - INFO - process ingested knowledge for /app/data/gemtektechnologycoltd2546/262/b4057o3/gtk-device-ui-sky-262/pages/management/management-remote.jsx
2025-12-07 06:09:35,526 - Knowledge - ERROR - Timeout processing /app/data/gemtektechnologycoltd2546/262/b4057o3/gtk-device-ui-sky-262/pages/management/tools/management-tools-ping.html after 90s
2025-12-07 06:09:35,639 - Knowledge - INFO - process ingested knowledge for /app/data/gemtektechnologycoltd2546/262/b4057o3/gtk-device-ui-sky-262/pages/basic_setting/nat/basic_setting-nat-portforward.jsx
2025-12-07 06:09:35,759 - Knowledge - WARNING - File /app/data/gemtektechnologycoltd2546/262/b4057o3/gtk-device-ui-sky-262/pages/basic_setting/wlan/basic_setting-wlan-wifi_basic5.js not successfully processed
2025-12-07 06:09:35,846 - Knowledge - INFO - process ingested knowledge for /app/data/gemtektechnologycoltd2546/262/b4057o3/gtk-device-ui-sky-262/pages/management/management-ntp.jsx
2025-12-07 06:09:35,952 - Knowledge - WARNING - File /app/data/gemtektechnologycoltd2546/262/b4057o3/gtk-device-ui-sky-262/pages/management/settings/management-settings-fw_upgrade.html not successfully processed
2025-12-07 06:09:36,052 - Knowledge - INFO - process ingested knowledge for /app/data/gemtektechnologycoltd2546/262/b4057o3/gtk-device-ui-sky-262/pages/basic_setting/nat/basic_setting-nat-alg.jsx
2025-12-07 06:09:36,161 - Knowledge - WARNING - File /app/data/gemtektechnologycoltd2546/262/b4057o3/gtk-device-ui-sky-262/pages/basic_setting/wlan/basic_setting-wlan-wifi_basic_allinone.js not successfully processed
2025-12-07 06:09:36,360 - Knowledge - WARNING - File /app/data/gemtektechnologycoltd2546/262/b4057o3/gtk-device-ui-sky-262/pages/management/tools/management-tools-inform_ctrl.js not successfully processed
2025-12-07 06:09:36,458 - Knowledge - INFO - process ingested knowledge for /app/data/gemtektechnologycoltd2546/262/b4057o3/gtk-device-ui-sky-262/pages/basic_setting/nat/basic_setting-nat-alg.js
2025-12-07 06:09:36,557 - Knowledge - INFO - Processing batch of 5 files
2025-12-07 06:09:36,655 - Knowledge - WARNING - File /app/data/gemtektechnologycoltd2546/262/b4057o3/gtk-device-ui-sky-262/pages/management/tools/management-tools-inform_ctrl.html not successfully processed
2025-12-07 06:09:36,742 - Knowledge - INFO - process ingested knowledge for /app/data/gemtektechnologycoltd2546/262/b4057o3/gtk-device-ui-sky-262/pages/basic_setting/lan/basic_setting-lan-lan6.jsx
2025-12-07 06:09:36,807 - Knowledge - INFO - process ingested knowledge for /app/data/gemtektechnologycoltd2546/262/b4057o3/gtk-device-ui-sky-262/pages/basic_setting/wlan/basic_setting-wlan-mesh2.html
2025-12-07 06:09:36,972 - Knowledge - WARNING - File /app/data/gemtektechnologycoltd2546/262/b4057o3/gtk-device-ui-sky-262/pages/management/tools/management-tools-nslookup.js not successfully processed
2025-12-07 06:09:37,062 - Knowledge - INFO - process ingested knowledge for /app/data/gemtektechnologycoltd2546/262/b4057o3/gtk-device-ui-sky-262/pages/basic_setting/lan/basic_setting-lan-lan4.jsx
2025-12-07 06:09:37,156 - Knowledge - INFO - process ingested knowledge for /app/data/gemtektechnologycoltd2546/262/b4057o3/gtk-device-ui-sky-262/pages/basic_setting/wlan/basic_setting-wlan-wifi_basic5.jsx
2025-12-07 06:09:37,188 - Knowledge - WARNING - File /app/data/gemtektechnologycoltd2546/262/b4057o3/gtk-device-ui-sky-262/pages/management/tools/management-tools-traceroute.js not successfully processed
2025-12-07 06:09:37,189 - Knowledge - INFO - [WEBSOCKET] Sent: Type=progress_update, Size: 292, Duration: 0ms
2025-12-07 06:09:37,294 - Knowledge - INFO - process ingested knowledge for /app/data/gemtektechnologycoltd2546/262/b4057o3/gtk-device-ui-sky-262/pages/basic_setting/basic_setting-routing.html
2025-12-07 06:09:37,394 - Knowledge - INFO - process ingested knowledge for /app/data/gemtektechnologycoltd2546/262/b4057o3/gtk-device-ui-sky-262/pages/basic_setting/wlan/basic_setting-wlan-wireless_connection.jsx
2025-12-07 06:09:37,491 - Knowledge - WARNING - File /app/data/gemtektechnologycoltd2546/262/b4057o3/gtk-device-ui-sky-262/pages/management/tools/management-tools-ping.js not successfully processed
2025-12-07 06:09:37,615 - Knowledge - INFO - [WEBSOCKET] Sent: Type=unknown, Size: ?, Duration: 425ms
2025-12-07 06:09:37,813 - Knowledge - INFO - process ingested knowledge for /app/data/gemtektechnologycoltd2546/262/b4057o3/gtk-device-ui-sky-262/pages/basic_setting/wlan/basic_setting-wlan-mesh.jsx
2025-12-07 06:09:38,030 - Knowledge - INFO - Progress: 69.0% | Files: 272/393 | Rate: 1.77 files/sec | Queue: 0
2025-12-07 06:09:38,107 - Knowledge - WARNING - File /app/data/gemtektechnologycoltd2546/262/b4057o3/gtk-device-ui-sky-262/pages/management/tools/management-tools-ping.html not successfully processed
2025-12-07 06:09:38,202 - Knowledge - INFO - process ingested knowledge for /app/data/gemtektechnologycoltd2546/262/b4057o3/gtk-device-ui-sky-262/pages/basic_setting/wlan/basic_setting-wlan-mpt.js
2025-12-07 06:09:38,344 - Knowledge - INFO - Processing batch of 8 files
2025-12-07 06:09:38,563 - Knowledge - INFO - process ingested knowledge for /app/data/gemtektechnologycoltd2546/262/b4057o3/gtk-device-ui-sky-262/pages/management/settings/management-settings-fw_upgrade.jsx
2025-12-07 06:09:38,815 - Knowledge - INFO - process ingested knowledge for /app/data/gemtektechnologycoltd2546/262/b4057o3/gtk-device-ui-sky-262/pages/management/settings/management-settings-multi_lang.js
2025-12-07 06:09:39,009 - Knowledge - INFO - process ingested knowledge for /app/data/gemtektechnologycoltd2546/262/b4057o3/gtk-device-ui-sky-262/pages/management/tools/management-tools-inform_ctrl.jsx
2025-12-07 06:09:39,226 - Knowledge - INFO - process ingested knowledge for /app/data/gemtektechnologycoltd2546/262/b4057o3/gtk-device-ui-sky-262/pages/management/tools/management-tools-nslookup.html
2025-12-07 06:09:39,388 - Knowledge - INFO - process ingested knowledge for /app/data/gemtektechnologycoltd2546/262/b4057o3/gtk-device-ui-sky-262/pages/management/tools/management-tools-nslookup.jsx
2025-12-07 06:09:39,579 - Knowledge - INFO - process ingested knowledge for /app/data/gemtektechnologycoltd2546/262/b4057o3/gtk-device-ui-sky-262/pages/management/tools/management-tools-traceroute.jsx
2025-12-07 06:09:39,817 - Knowledge - INFO - process ingested knowledge for /app/data/gemtektechnologycoltd2546/262/b4057o3/gtk-device-ui-sky-262/pages/management/tools/management-tools-traceroute.html
2025-12-07 06:09:40,002 - Knowledge - INFO - process ingested knowledge for /app/data/gemtektechnologycoltd2546/262/b4057o3/gtk-device-ui-sky-262/pages/management/tools/management-tools-ping.jsx
2025-12-07 06:09:42,873 - Knowledge - INFO - Fast-tracked /app/data/gemtektechnologycoltd2546/262/b4057o3/gtk-device-ui-sky-262/pages/basic_setting/wlan/basic_setting-wlan-mesh2.js (small file (2888 bytes))
2025-12-07 06:09:42,970 - Knowledge - INFO - Async storage completed for 10 embeddings
2025-12-07 06:09:43,141 - Knowledge - ERROR - Timeout processing /app/data/gemtektechnologycoltd2546/262/b4057o3/gtk-device-ui-sky-262/pages/basic_setting/wlan/basic_setting-wlan-wifi_adv5.js after 90s
2025-12-07 06:09:43,376 - Knowledge - ERROR - Timeout processing /app/data/gemtektechnologycoltd2546/262/b4057o3/gtk-device-ui-sky-262/pages/basic_setting/wlan/basic_setting-wlan-wifi_guest.html after 90s
2025-12-07 06:09:43,570 - Knowledge - ERROR - Timeout processing /app/data/gemtektechnologycoltd2546/262/b4057o3/gtk-device-ui-sky-262/pages/basic_setting/wlan/basic_setting-wlan-wifi_guest.js after 90s
2025-12-07 06:09:43,779 - Knowledge - ERROR - Timeout processing /app/data/gemtektechnologycoltd2546/262/b4057o3/gtk-device-ui-sky-262/pages/basic_setting/wlan/basic_setting-wlan-wifi_adv5.html after 90s
2025-12-07 06:09:43,944 - Knowledge - ERROR - Timeout processing /app/data/gemtektechnologycoltd2546/262/b4057o3/gtk-device-ui-sky-262/pages/basic_setting/wlan/basic_setting-wlan-wifi_wps.html after 90s
2025-12-07 06:09:44,159 - Knowledge - ERROR - Timeout processing /app/data/gemtektechnologycoltd2546/262/b4057o3/gtk-device-ui-sky-262/pages/basic_setting/wlan/basic_setting-wlan-wifi_wps.js after 90s
2025-12-07 06:09:44,428 - Knowledge - ERROR - Timeout processing /app/data/gemtektechnologycoltd2546/262/b4057o3/gtk-device-ui-sky-262/pages/basic_setting/wlan/basic_setting-wlan-wifi_adv2.js after 90s
2025-12-07 06:09:44,631 - Knowledge - ERROR - Timeout processing /app/data/gemtektechnologycoltd2546/262/b4057o3/gtk-device-ui-sky-262/pages/basic_setting/wlan/basic_setting-wlan-wifi_adv2.html after 90s
2025-12-07 06:09:44,734 - Knowledge - ERROR - Timeout processing /app/data/gemtektechnologycoltd2546/262/b4057o3/gtk-device-ui-sky-262/pages/basic_setting/seciruty/basic_setting-seciruty-ipfilter.js after 90s
2025-12-07 06:09:44,883 - Knowledge - WARNING - File /app/data/gemtektechnologycoltd2546/262/b4057o3/gtk-device-ui-sky-262/pages/basic_setting/wlan/basic_setting-wlan-wifi_adv5.js not successfully processed
2025-12-07 06:09:44,974 - Knowledge - ERROR - Timeout processing /app/data/gemtektechnologycoltd2546/262/b4057o3/gtk-device-ui-sky-262/pages/basic_setting/wlan/basic_setting-wlan-wifi_adv_allinone.js after 90s
2025-12-07 06:09:45,110 - Knowledge - WARNING - File /app/data/gemtektechnologycoltd2546/262/b4057o3/gtk-device-ui-sky-262/pages/basic_setting/wlan/basic_setting-wlan-wifi_guest.html not successfully processed
2025-12-07 06:09:45,331 - Knowledge - ERROR - Timeout processing /app/data/gemtektechnologycoltd2546/262/b4057o3/gtk-device-ui-sky-262/pages/basic_setting/wlan/basic_setting-wlan-wifi_basic2.html after 90s
2025-12-07 06:09:45,478 - Knowledge - WARNING - File /app/data/gemtektechnologycoltd2546/262/b4057o3/gtk-device-ui-sky-262/pages/basic_setting/wlan/basic_setting-wlan-wifi_guest.js not successfully processed
2025-12-07 06:09:45,578 - Knowledge - ERROR - Timeout processing /app/data/gemtektechnologycoltd2546/262/b4057o3/gtk-device-ui-sky-262/pages/basic_setting/wlan/basic_setting-wlan-wifi_zone.js after 90s
2025-12-07 06:09:45,706 - Knowledge - ERROR - Timeout processing /app/data/gemtektechnologycoltd2546/262/b4057o3/gtk-device-ui-sky-262/pages/basic_setting/wan/basic_setting-wan-port.js after 90s
2025-12-07 06:09:45,751 - Knowledge - WARNING - File /app/data/gemtektechnologycoltd2546/262/b4057o3/gtk-device-ui-sky-262/pages/basic_setting/wlan/basic_setting-wlan-wifi_adv5.html not successfully processed
2025-12-07 06:09:45,817 - Knowledge - ERROR - Timeout processing /app/data/gemtektechnologycoltd2546/262/b4057o3/gtk-device-ui-sky-262/pages/basic_setting/wlan/basic_setting-wlan-wifi_adv_allinone.html after 90s
2025-12-07 06:09:45,906 - Knowledge - ERROR - Timeout processing /app/data/gemtektechnologycoltd2546/262/b4057o3/gtk-device-ui-sky-262/pages/basic_setting/basic_setting-wan-single_wan.js after 90s
2025-12-07 06:09:46,111 - Knowledge - WARNING - File /app/data/gemtektechnologycoltd2546/262/b4057o3/gtk-device-ui-sky-262/pages/basic_setting/wlan/basic_setting-wlan-wifi_wps.html not successfully processed
2025-12-07 06:09:46,219 - Knowledge - ERROR - Timeout processing /app/data/gemtektechnologycoltd2546/262/b4057o3/gtk-device-ui-sky-262/pages/basic_setting/wlan/basic_setting-wlan-wifi_basic2.js after 90s
2025-12-07 06:09:46,354 - Knowledge - ERROR - Timeout processing /app/data/gemtektechnologycoltd2546/262/b4057o3/gtk-device-ui-sky-262/pages/basic_setting/basic_setting-wan-single_wan.html after 90s
2025-12-07 06:09:46,553 - Knowledge - WARNING - File /app/data/gemtektechnologycoltd2546/262/b4057o3/gtk-device-ui-sky-262/pages/basic_setting/wlan/basic_setting-wlan-wifi_wps.js not successfully processed
2025-12-07 06:09:46,690 - Knowledge - ERROR - Timeout processing /app/data/gemtektechnologycoltd2546/262/b4057o3/gtk-device-ui-sky-262/pages/basic_setting/wlan/basic_setting-wlan-wifi_zone.html after 90s
2025-12-07 06:09:46,883 - Knowledge - ERROR - Timeout processing /app/data/gemtektechnologycoltd2546/262/b4057o3/gtk-device-ui-sky-262/pages/basic_setting/basic_setting-wan.html after 90s
2025-12-07 06:09:47,122 - Knowledge - WARNING - File /app/data/gemtektechnologycoltd2546/262/b4057o3/gtk-device-ui-sky-262/pages/basic_setting/wlan/basic_setting-wlan-wifi_adv2.js not successfully processed
2025-12-07 06:09:47,239 - Knowledge - INFO - Async storage completed for 15 embeddings
2025-12-07 06:09:47,285 - Knowledge - ERROR - Timeout processing /app/data/gemtektechnologycoltd2546/262/b4057o3/gtk-device-ui-sky-262/pages/basic_setting/wlan/basic_setting-wlan-wifi_chs2.js after 90s
2025-12-07 06:09:47,374 - Knowledge - INFO - [LLM_CALL] Completed: ajaxfileupload.js:chunk1, Duration: 25944ms, PromptTokens: 4034, CompletionTokens: 465, Cost: $0.00059
2025-12-07 06:09:47,391 - Knowledge - ERROR - Timeout processing /app/data/gemtektechnologycoltd2546/262/b4057o3/gtk-device-ui-sky-262/pages/basic_setting/basic_setting-wan.js after 90s
2025-12-07 06:09:47,922 - Knowledge - INFO - done ingest for /app/data/gemtektechnologycoltd2546/262/b4057o3/gtk-device-ui-sky-262/js/ajaxfileupload.js
2025-12-07 06:09:47,507 - Knowledge - WARNING - File /app/data/gemtektechnologycoltd2546/262/b4057o3/gtk-device-ui-sky-262/pages/basic_setting/wlan/basic_setting-wlan-wifi_adv2.html not successfully processed
2025-12-07 06:09:47,397 - Knowledge - INFO - Async storage completed for 10 embeddings
2025-12-07 06:09:47,954 - Knowledge - WARNING - File /app/data/gemtektechnologycoltd2546/262/b4057o3/gtk-device-ui-sky-262/pages/basic_setting/seciruty/basic_setting-seciruty-ipfilter.js not successfully processed
2025-12-07 06:09:48,001 - Knowledge - INFO - Split /app/data/gemtektechnologycoltd2546/262/b4057o3/gtk-device-ui-sky-262/js/Bootstrap/bootstrap.js (69707 bytes) into 3 chunks of ~32KB
2025-12-07 06:09:48,039 - Knowledge - ERROR - Timeout processing /app/data/gemtektechnologycoltd2546/262/b4057o3/gtk-device-ui-sky-262/pages/basic_setting/nat/dialog-pfr.html after 90s
2025-12-07 06:09:49,036 - Knowledge - INFO - Processing batch of 7 files
2025-12-07 06:09:49,057 - Knowledge - WARNING - File /app/data/gemtektechnologycoltd2546/262/b4057o3/gtk-device-ui-sky-262/pages/basic_setting/wlan/basic_setting-wlan-wifi_adv_allinone.js not successfully processed
2025-12-07 06:09:49,074 - Knowledge - ERROR - Timeout processing /app/data/gemtektechnologycoltd2546/262/b4057o3/gtk-device-ui-sky-262/pages/basic_setting/nat/basic_setting-nat-dmz.js after 90s
2025-12-07 06:09:49,318 - Knowledge - INFO - process ingested knowledge for /app/data/gemtektechnologycoltd2546/262/b4057o3/gtk-device-ui-sky-262/pages/basic_setting/wlan/basic_setting-wlan-wifi_adv5.jsx
2025-12-07 06:09:49,410 - Knowledge - WARNING - File /app/data/gemtektechnologycoltd2546/262/b4057o3/gtk-device-ui-sky-262/pages/basic_setting/wlan/basic_setting-wlan-wifi_basic2.html not successfully processed
2025-12-07 06:09:49,594 - Knowledge - ERROR - Timeout processing /app/data/gemtektechnologycoltd2546/262/b4057o3/gtk-device-ui-sky-262/pages/basic_setting/nat/basic_setting-nat-dmz.html after 90s
2025-12-07 06:09:49,812 - Knowledge - INFO - process ingested knowledge for /app/data/gemtektechnologycoltd2546/262/b4057o3/gtk-device-ui-sky-262/pages/basic_setting/wlan/basic_setting-wlan-wifi_chs2.html
2025-12-07 06:09:49,893 - Knowledge - WARNING - File /app/data/gemtektechnologycoltd2546/262/b4057o3/gtk-device-ui-sky-262/pages/basic_setting/wlan/basic_setting-wlan-wifi_zone.js not successfully processed
2025-12-07 06:09:50,049 - Knowledge - ERROR - Timeout processing /app/data/gemtektechnologycoltd2546/262/b4057o3/gtk-device-ui-sky-262/pages/basic_setting/nat/basic_setting-nat-portforward.js after 90s
2025-12-07 06:09:50,295 - Knowledge - INFO - process ingested knowledge for /app/data/gemtektechnologycoltd2546/262/b4057o3/gtk-device-ui-sky-262/pages/basic_setting/wlan/basic_setting-wlan-wifi_chs2.jsx
2025-12-07 06:09:50,372 - Knowledge - WARNING - File /app/data/gemtektechnologycoltd2546/262/b4057o3/gtk-device-ui-sky-262/pages/basic_setting/wlan/basic_setting-wlan-wifi_adv_allinone.html not successfully processed
2025-12-07 06:09:50,615 - Knowledge - WARNING - File /app/data/gemtektechnologycoltd2546/262/b4057o3/gtk-device-ui-sky-262/pages/basic_setting/wan/basic_setting-wan-port.js not successfully processed
2025-12-07 06:09:50,848 - Knowledge - INFO - process ingested knowledge for /app/data/gemtektechnologycoltd2546/262/b4057o3/gtk-device-ui-sky-262/pages/basic_setting/wlan/basic_setting-wlan-wifi_wps.jsx
2025-12-07 06:09:50,888 - Knowledge - INFO - [LLM_CALL] Completed: env.js:chunk1, Duration: 19403ms, PromptTokens: 17830, CompletionTokens: 384, Cost: $0.00194
2025-12-07 06:09:50,944 - Knowledge - WARNING - File /app/data/gemtektechnologycoltd2546/262/b4057o3/gtk-device-ui-sky-262/pages/basic_setting/wlan/basic_setting-wlan-wifi_basic2.js not successfully processed
2025-12-07 06:09:51,107 - Knowledge - WARNING - File /app/data/gemtektechnologycoltd2546/262/b4057o3/gtk-device-ui-sky-262/pages/basic_setting/basic_setting-wan-single_wan.js not successfully processed
2025-12-07 06:09:51,325 - Knowledge - INFO - process ingested knowledge for /app/data/gemtektechnologycoltd2546/262/b4057o3/gtk-device-ui-sky-262/pages/basic_setting/wlan/basic_setting-wlan-wifi_adv2.jsx
2025-12-07 06:09:51,440 - Knowledge - INFO - done ingest for /app/data/gemtektechnologycoltd2546/262/b4057o3/gtk-device-ui-sky-262/js/env.js
2025-12-07 06:09:51,442 - Knowledge - INFO - [LLM_CALL] Completed: wlan-param.js:chunk1, Duration: 15703ms, PromptTokens: 3304, CompletionTokens: 155, Cost: $0.00039
2025-12-07 06:09:51,835 - Knowledge - WARNING - File /app/data/gemtektechnologycoltd2546/262/b4057o3/gtk-device-ui-sky-262/pages/basic_setting/basic_setting-wan-single_wan.html not successfully processed
2025-12-07 06:09:51,934 - Knowledge - INFO - Async storage completed for 10 embeddings
2025-12-07 06:09:52,346 - Knowledge - INFO - done ingest for /app/data/gemtektechnologycoltd2546/262/b4057o3/gtk-device-ui-sky-262/js/wlan-param.js
2025-12-07 06:09:52,461 - Knowledge - INFO - process ingested knowledge for /app/data/gemtektechnologycoltd2546/262/b4057o3/gtk-device-ui-sky-262/pages/basic_setting/wlan/basic_setting-wlan-mesh2.js
2025-12-07 06:09:52,500 - Knowledge - WARNING - File /app/data/gemtektechnologycoltd2546/262/b4057o3/gtk-device-ui-sky-262/pages/basic_setting/wlan/basic_setting-wlan-wifi_zone.html not successfully processed
2025-12-07 06:09:53,262 - Knowledge - INFO - process ingested knowledge for /app/data/gemtektechnologycoltd2546/262/b4057o3/gtk-device-ui-sky-262/pages/basic_setting/wlan/basic_setting-wlan-mesh2.jsx
2025-12-07 06:09:53,345 - Knowledge - WARNING - File /app/data/gemtektechnologycoltd2546/262/b4057o3/gtk-device-ui-sky-262/pages/basic_setting/wlan/basic_setting-wlan-wifi_chs2.js not successfully processed
2025-12-07 06:09:53,615 - Knowledge - WARNING - File /app/data/gemtektechnologycoltd2546/262/b4057o3/gtk-device-ui-sky-262/pages/basic_setting/basic_setting-wan.html not successfully processed
2025-12-07 06:09:53,921 - Knowledge - WARNING - File /app/data/gemtektechnologycoltd2546/262/b4057o3/gtk-device-ui-sky-262/pages/basic_setting/basic_setting-wan.js not successfully processed
2025-12-07 06:09:53,921 - Knowledge - INFO - Processing batch of 7 files
2025-12-07 06:09:54,182 - Knowledge - WARNING - File /app/data/gemtektechnologycoltd2546/262/b4057o3/gtk-device-ui-sky-262/pages/basic_setting/nat/dialog-pfr.html not successfully processed
2025-12-07 06:09:54,267 - Knowledge - INFO - [LLM_CALL] Completed: pc-blocked.html:chunk1, Duration: 11875ms, PromptTokens: 4192, CompletionTokens: 59, Cost: $0.00044
2025-12-07 06:09:54,328 - Knowledge - INFO - process ingested knowledge for /app/data/gemtektechnologycoltd2546/262/b4057o3/gtk-device-ui-sky-262/pages/basic_setting/seciruty/basic_setting-seciruty-ipfilter.jsx
2025-12-07 06:09:54,606 - Knowledge - WARNING - File /app/data/gemtektechnologycoltd2546/262/b4057o3/gtk-device-ui-sky-262/pages/basic_setting/nat/basic_setting-nat-dmz.js not successfully processed
2025-12-07 06:09:54,810 - Knowledge - INFO - done ingest for /app/data/gemtektechnologycoltd2546/262/b4057o3/gtk-device-ui-sky-262/pc-blocked.html
2025-12-07 06:09:55,135 - Knowledge - WARNING - File /app/data/gemtektechnologycoltd2546/262/b4057o3/gtk-device-ui-sky-262/pages/basic_setting/nat/basic_setting-nat-dmz.html not successfully processed
2025-12-07 06:09:55,525 - Knowledge - INFO - process ingested knowledge for /app/data/gemtektechnologycoltd2546/262/b4057o3/gtk-device-ui-sky-262/pages/basic_setting/seciruty/basic_setting-seciruty-macfilter.html
2025-12-07 06:09:55,762 - Knowledge - INFO - [LLM_CALL] Completed: sortable.js:chunk1, Duration: 13202ms, PromptTokens: 6250, CompletionTokens: 390, Cost: $0.00078
2025-12-07 06:09:55,968 - Knowledge - INFO - process ingested knowledge for /app/data/gemtektechnologycoltd2546/262/b4057o3/gtk-device-ui-sky-262/pages/basic_setting/seciruty/basic_setting-seciruty-macfilter.jsx
2025-12-07 06:09:56,047 - Knowledge - INFO - done ingest for /app/data/gemtektechnologycoltd2546/262/b4057o3/gtk-device-ui-sky-262/js/angular/sortable.js
2025-12-07 06:09:56,102 - Knowledge - WARNING - File /app/data/gemtektechnologycoltd2546/262/b4057o3/gtk-device-ui-sky-262/pages/basic_setting/nat/basic_setting-nat-portforward.js not successfully processed
2025-12-07 06:09:56,324 - Knowledge - INFO - process ingested knowledge for /app/data/gemtektechnologycoltd2546/262/b4057o3/gtk-device-ui-sky-262/pages/basic_setting/wlan/basic_setting-wlan-wifi_basic2.jsx
2025-12-07 06:09:56,526 - Knowledge - INFO - Processing batch of 3 files
2025-12-07 06:09:56,612 - Knowledge - INFO - [LLM_CALL] Completed: common.js:chunk1, Duration: 18576ms, PromptTokens: 5098, CompletionTokens: 901, Cost: $0.00087
2025-12-07 06:09:56,831 - Knowledge - INFO - process ingested knowledge for /app/data/gemtektechnologycoltd2546/262/b4057o3/gtk-device-ui-sky-262/pages/basic_setting/basic_setting-wan-single_wan.jsx
2025-12-07 06:09:56,956 - Knowledge - INFO - done ingest for /app/data/gemtektechnologycoltd2546/262/b4057o3/gtk-device-ui-sky-262/js/common.js
2025-12-07 06:09:56,957 - Knowledge - INFO - [LLM_CALL] Completed: angular-route.min1.3.15.js:chunk1, Duration: 47818ms, PromptTokens: 3686, CompletionTokens: 358, Cost: $0.00051
2025-12-07 06:09:56,979 - Knowledge - INFO - process ingested knowledge for /app/data/gemtektechnologycoltd2546/262/b4057o3/gtk-device-ui-sky-262/pages/basic_setting/wlan/basic_setting-wlan-wifi_zone.jsx
2025-12-07 06:09:57,192 - Knowledge - INFO - process ingested knowledge for /app/data/gemtektechnologycoltd2546/262/b4057o3/gtk-device-ui-sky-262/pages/basic_setting/basic_setting-wan.jsx
2025-12-07 06:09:57,306 - Knowledge - INFO - done ingest for /app/data/gemtektechnologycoltd2546/262/b4057o3/gtk-device-ui-sky-262/js/angular/angular-route.min1.3.15.js
2025-12-07 06:09:57,459 - Knowledge - INFO - [WEBSOCKET] Sent: Type=progress_update, Size: 293, Duration: 0ms
2025-12-07 06:09:57,633 - Knowledge - INFO - process ingested knowledge for /app/data/gemtektechnologycoltd2546/262/b4057o3/gtk-device-ui-sky-262/pages/basic_setting/wlan/basic_setting-wlan-wifi_adv_allinone.jsx
2025-12-07 06:09:58,040 - Knowledge - INFO - [WEBSOCKET] Sent: Type=unknown, Size: ?, Duration: 581ms
2025-12-07 06:09:58,162 - Knowledge - INFO - process ingested knowledge for /app/data/gemtektechnologycoltd2546/262/b4057o3/gtk-device-ui-sky-262/pages/basic_setting/nat/basic_setting-nat-dmz.jsx
2025-12-07 06:09:58,330 - Knowledge - INFO - Progress: 74.0% | Files: 291/393 | Rate: 1.67 files/sec | Queue: 0
2025-12-07 06:09:58,634 - Knowledge - INFO - process ingested knowledge for /app/data/gemtektechnologycoltd2546/262/b4057o3/gtk-device-ui-sky-262/pages/basic_setting/wlan/basic_setting-wlan-wifi_guest.jsx
2025-12-07 06:09:58,967 - Knowledge - INFO - [LLM_CALL] Completed: aes.js:chunk1, Duration: 51269ms, PromptTokens: 11384, CompletionTokens: 540, Cost: $0.00135
2025-12-07 06:09:59,208 - Knowledge - INFO - done ingest for /app/data/gemtektechnologycoltd2546/262/b4057o3/gtk-device-ui-sky-262/js/aes.js
2025-12-07 06:09:59,868 - Knowledge - INFO - [LLM_CALL] Completed: checklist-model.js:chunk1, Duration: 22254ms, PromptTokens: 2694, CompletionTokens: 406, Cost: $0.00043
2025-12-07 06:10:00,187 - Knowledge - INFO - done ingest for /app/data/gemtektechnologycoltd2546/262/b4057o3/gtk-device-ui-sky-262/js/angular/checklist-model.js
2025-12-07 06:10:01,616 - Knowledge - INFO - [LLM_CALL] Completed: angular-local-storage.min0.1.5.js:chunk1, Duration: 30605ms, PromptTokens: 3974, CompletionTokens: 412, Cost: $0.00056
2025-12-07 06:10:01,925 - Knowledge - INFO - done ingest for /app/data/gemtektechnologycoltd2546/262/b4057o3/gtk-device-ui-sky-262/js/angular/angular-local-storage.min0.1.5.js
2025-12-07 06:10:01,927 - Knowledge - INFO - [LLM_CALL] Completed: menu.js:chunk1, Duration: 67233ms, PromptTokens: 5258, CompletionTokens: 551, Cost: $0.00075
2025-12-07 06:10:02,502 - Knowledge - INFO - done ingest for /app/data/gemtektechnologycoltd2546/262/b4057o3/gtk-device-ui-sky-262/js/menu.js
2025-12-07 06:10:02,509 - Knowledge - INFO - [LLM_CALL] Completed: index.js:chunk1, Duration: 34664ms, PromptTokens: 16572, CompletionTokens: 1139, Cost: $0.00211
2025-12-07 06:10:03,282 - Knowledge - INFO - [LLM_CALL] Completed: translate-loader-staticfiles.js:chunk1, Duration: 42304ms, PromptTokens: 2292, CompletionTokens: 217, Cost: $0.00032
2025-12-07 06:10:03,614 - Knowledge - INFO - done ingest for /app/data/gemtektechnologycoltd2546/262/b4057o3/gtk-device-ui-sky-262/js/angular/translate-loader-staticfiles.js
2025-12-07 06:10:07,278 - Knowledge - INFO - [LLM_CALL] Completed: lang.js:chunk1, Duration: 17035ms, PromptTokens: 4208, CompletionTokens: 366, Cost: $0.00057
2025-12-07 06:10:07,539 - Knowledge - INFO - done ingest for /app/data/gemtektechnologycoltd2546/262/b4057o3/gtk-device-ui-sky-262/js/lang.js
2025-12-07 06:10:07,951 - Knowledge - INFO - [LLM_CALL] Completed: d3-meshmap.js:chunk1, Duration: 58792ms, PromptTokens: 8220, CompletionTokens: 367, Cost: $0.00097
2025-12-07 06:10:08,231 - Knowledge - INFO - done ingest for /app/data/gemtektechnologycoltd2546/262/b4057o3/gtk-device-ui-sky-262/js/d3-meshmap.js
2025-12-07 06:10:08,655 - Knowledge - INFO - Processing batch of 10 files
2025-12-07 06:10:08,898 - Knowledge - INFO - process ingested knowledge for /app/data/gemtektechnologycoltd2546/262/b4057o3/gtk-device-ui-sky-262/js/menu.js
2025-12-07 06:10:09,621 - Knowledge - INFO - process ingested knowledge for /app/data/gemtektechnologycoltd2546/262/b4057o3/gtk-device-ui-sky-262/js/base64.js
2025-12-07 06:10:10,606 - Knowledge - INFO - process ingested knowledge for /app/data/gemtektechnologycoltd2546/262/b4057o3/gtk-device-ui-sky-262/js/jquery-ui.min.js
2025-12-07 06:10:10,841 - Knowledge - INFO - Processing batch of 10 files
2025-12-07 06:10:11,142 - Knowledge - INFO - process ingested knowledge for /app/data/gemtektechnologycoltd2546/262/b4057o3/gtk-device-ui-sky-262/js/angular/digest-ajax.min.js
2025-12-07 06:10:11,724 - Knowledge - INFO - process ingested knowledge for /app/data/gemtektechnologycoltd2546/262/b4057o3/gtk-device-ui-sky-262/js/angular/angular-route.min1.3.15.js
2025-12-07 06:10:11,783 - Knowledge - INFO - process ingested knowledge for /app/data/gemtektechnologycoltd2546/262/b4057o3/gtk-device-ui-sky-262/js/aes.js
2025-12-07 06:10:11,982 - Knowledge - INFO - process ingested knowledge for /app/data/gemtektechnologycoltd2546/262/b4057o3/gtk-device-ui-sky-262/js/angular/translate-loader-staticfiles.js
2025-12-07 06:10:12,185 - Knowledge - INFO - process ingested knowledge for /app/data/gemtektechnologycoltd2546/262/b4057o3/gtk-device-ui-sky-262/js/ajaxfileupload.js
2025-12-07 06:10:12,222 - Knowledge - INFO - [LLM_CALL] Completed: wapi-min.js:chunk1, Duration: 57757ms, PromptTokens: 42490, CompletionTokens: 2227, Cost: $0.00514
2025-12-07 06:10:12,231 - Knowledge - INFO - process ingested knowledge for /app/data/gemtektechnologycoltd2546/262/b4057o3/gtk-device-ui-sky-262/js/angular/angular1.3.15.min.js
2025-12-07 06:10:12,713 - Knowledge - INFO - done ingest for /app/data/gemtektechnologycoltd2546/262/b4057o3/gtk-device-ui-sky-262/js/wapi-min.js
2025-12-07 06:10:12,892 - Knowledge - INFO - process ingested knowledge for /app/data/gemtektechnologycoltd2546/262/b4057o3/gtk-device-ui-sky-262/js/env.js
2025-12-07 06:10:13,072 - Knowledge - INFO - process ingested knowledge for /app/data/gemtektechnologycoltd2546/262/b4057o3/gtk-device-ui-sky-262/js/angular/angular-local-storage.min0.1.5.js
2025-12-07 06:10:13,097 - Knowledge - INFO - [LLM_CALL] Completed: validation.js:chunk1, Duration: 33662ms, PromptTokens: 12356, CompletionTokens: 939, Cost: $0.00161
2025-12-07 06:10:13,138 - Knowledge - INFO - process ingested knowledge for /app/data/gemtektechnologycoltd2546/262/b4057o3/gtk-device-ui-sky-262/js/common.js
2025-12-07 06:10:13,252 - Knowledge - INFO - process ingested knowledge for /app/data/gemtektechnologycoltd2546/262/b4057o3/gtk-device-ui-sky-262/js/angular/checklist-model.js
2025-12-07 06:10:13,377 - Knowledge - INFO - done ingest for /app/data/gemtektechnologycoltd2546/262/b4057o3/gtk-device-ui-sky-262/js/validation.js
2025-12-07 06:10:13,458 - Knowledge - INFO - process ingested knowledge for /app/data/gemtektechnologycoltd2546/262/b4057o3/gtk-device-ui-sky-262/js/elem-control.js
2025-12-07 06:10:13,569 - Knowledge - INFO - process ingested knowledge for /app/data/gemtektechnologycoltd2546/262/b4057o3/gtk-device-ui-sky-262/js/angular/angular-sanitize.min.js
2025-12-07 06:10:13,970 - Knowledge - INFO - process ingested knowledge for /app/data/gemtektechnologycoltd2546/262/b4057o3/gtk-device-ui-sky-262/js/lottie.js
2025-12-07 06:10:14,119 - Knowledge - INFO - [LLM_CALL] Completed: view.js:chunk1, Duration: 41421ms, PromptTokens: 12408, CompletionTokens: 1199, Cost: $0.00172
2025-12-07 06:10:14,131 - Knowledge - INFO - process ingested knowledge for /app/data/gemtektechnologycoltd2546/262/b4057o3/gtk-device-ui-sky-262/js/angular/sortable.js
2025-12-07 06:10:14,222 - Knowledge - INFO - process ingested knowledge for /app/data/gemtektechnologycoltd2546/262/b4057o3/gtk-device-ui-sky-262/js/angular/angular-translate.min.js
2025-12-07 06:10:14,321 - Knowledge - INFO - done ingest for /app/data/gemtektechnologycoltd2546/262/b4057o3/gtk-device-ui-sky-262/js/view.js
2025-12-07 06:10:14,414 - Knowledge - INFO - process ingested knowledge for /app/data/gemtektechnologycoltd2546/262/b4057o3/gtk-device-ui-sky-262/js/jquery-1.11.1.min.js
2025-12-07 06:10:15,158 - Knowledge - INFO - process ingested knowledge for /app/data/gemtektechnologycoltd2546/262/b4057o3/gtk-device-ui-sky-262/js/d3_3.2.8.js
2025-12-07 06:10:15,638 - Knowledge - INFO - [LLM_CALL] Completed: bootstrap.js:chunk1, Duration: 26757ms, PromptTokens: 16744, CompletionTokens: 686, Cost: $0.00195
2025-12-07 06:10:18,366 - Knowledge - INFO - [LLM_CALL] Completed: bootstrap-tour.js:chunk1, Duration: 32597ms, PromptTokens: 17694, CompletionTokens: 917, Cost: $0.00214
2025-12-07 06:10:18,550 - Knowledge - INFO - done ingest for /app/data/gemtektechnologycoltd2546/262/b4057o3/gtk-device-ui-sky-262/js/Bootstrap/bootstrap-tour.js
2025-12-07 06:10:18,552 - Knowledge - INFO - [WEBSOCKET] Sent: Type=progress_update, Size: 293, Duration: 0ms
2025-12-07 06:10:18,835 - Knowledge - INFO - [WEBSOCKET] Sent: Type=unknown, Size: ?, Duration: 282ms
2025-12-07 06:10:19,088 - Knowledge - INFO - Progress: 79.1% | Files: 311/393 | Rate: 1.60 files/sec | Queue: 0
2025-12-07 06:10:19,248 - Knowledge - INFO - [LLM_CALL] Completed: custom.js:chunk1, Duration: 55820ms, PromptTokens: 7528, CompletionTokens: 380, Cost: $0.00090
2025-12-07 06:10:19,451 - Knowledge - INFO - done ingest for /app/data/gemtektechnologycoltd2546/262/b4057o3/gtk-device-ui-sky-262/js/custom.js
2025-12-07 06:10:22,647 - Knowledge - INFO - [LLM_CALL] Completed: index.js:chunk2, Duration: 19741ms, PromptTokens: 17320, CompletionTokens: 1126, Cost: $0.00218
2025-12-07 06:10:28,103 - Knowledge - INFO - [LLM_CALL] Completed: bootstrap.js:chunk2, Duration: 12256ms, PromptTokens: 18114, CompletionTokens: 1106, Cost: $0.00225
2025-12-07 06:10:33,286 - Knowledge - INFO - [LLM_CALL] Completed: index.js:chunk3, Duration: 10460ms, PromptTokens: 18604, CompletionTokens: 1139, Cost: $0.00232
2025-12-07 06:10:33,575 - Knowledge - INFO - [LLM_CALL] Completed: bootstrap.js:chunk3, Duration: 5273ms, PromptTokens: 5396, CompletionTokens: 565, Cost: $0.00077
2025-12-07 06:10:33,744 - Knowledge - INFO - done ingest for /app/data/gemtektechnologycoltd2546/262/b4057o3/gtk-device-ui-sky-262/js/Bootstrap/bootstrap.js
2025-12-07 06:10:34,028 - Knowledge - INFO - Processing batch of 10 files
2025-12-07 06:10:34,203 - Knowledge - INFO - process ingested knowledge for /app/data/gemtektechnologycoltd2546/262/b4057o3/gtk-device-ui-sky-262/js/d3-meshmap.js
2025-12-07 06:10:34,442 - Knowledge - INFO - process ingested knowledge for /app/data/gemtektechnologycoltd2546/262/b4057o3/gtk-device-ui-sky-262/js/loading.json
2025-12-07 06:10:34,629 - Knowledge - INFO - process ingested knowledge for /app/data/gemtektechnologycoltd2546/262/b4057o3/gtk-device-ui-sky-262/js/custom.js
2025-12-07 06:10:34,789 - Knowledge - INFO - process ingested knowledge for /app/data/gemtektechnologycoltd2546/262/b4057o3/gtk-device-ui-sky-262/js/view.js
2025-12-07 06:10:35,017 - Knowledge - INFO - process ingested knowledge for /app/data/gemtektechnologycoltd2546/262/b4057o3/gtk-device-ui-sky-262/js/validation.js
2025-12-07 06:10:35,245 - Knowledge - INFO - process ingested knowledge for /app/data/gemtektechnologycoltd2546/262/b4057o3/gtk-device-ui-sky-262/js/Bootstrap/bootstrap-tour.js
2025-12-07 06:10:35,457 - Knowledge - INFO - process ingested knowledge for /app/data/gemtektechnologycoltd2546/262/b4057o3/gtk-device-ui-sky-262/js/Bootstrap/bootstrap.js
2025-12-07 06:10:35,675 - Knowledge - INFO - process ingested knowledge for /app/data/gemtektechnologycoltd2546/262/b4057o3/gtk-device-ui-sky-262/js/Bootstrap/bootstrap.min.js
2025-12-07 06:10:35,874 - Knowledge - INFO - process ingested knowledge for /app/data/gemtektechnologycoltd2546/262/b4057o3/gtk-device-ui-sky-262/js/jquery-3.7.1.min.js
2025-12-07 06:10:36,108 - Knowledge - INFO - process ingested knowledge for /app/data/gemtektechnologycoltd2546/262/b4057o3/gtk-device-ui-sky-262/js/lang.js
2025-12-07 06:10:37,150 - Knowledge - INFO - [WEBSOCKET] Sent: Type=progress_update, Size: 290, Duration: 0ms
2025-12-07 06:10:37,341 - Knowledge - INFO - [WEBSOCKET] Sent: Type=unknown, Size: ?, Duration: 191ms
2025-12-07 06:10:37,534 - Knowledge - INFO - Progress: 81.7% | Files: 321/393 | Rate: 1.50 files/sec | Queue: 0
2025-12-07 06:10:39,006 - Knowledge - ERROR - Timeout processing /app/data/gemtektechnologycoltd2546/262/b4057o3/gtk-device-ui-sky-262/js/index.js after 90s
2025-12-07 06:10:39,243 - Knowledge - WARNING - File /app/data/gemtektechnologycoltd2546/262/b4057o3/gtk-device-ui-sky-262/js/index.js not successfully processed
2025-12-07 06:10:39,473 - Knowledge - INFO - Processing batch of 6 files
2025-12-07 06:10:39,676 - Knowledge - INFO - process ingested knowledge for /app/data/gemtektechnologycoltd2546/262/b4057o3/gtk-device-ui-sky-262/js/wapi-min.js
2025-12-07 06:10:39,846 - Knowledge - INFO - process ingested knowledge for /app/data/gemtektechnologycoltd2546/262/b4057o3/gtk-device-ui-sky-262/js/wlan-param.js
2025-12-07 06:10:40,080 - Knowledge - INFO - process ingested knowledge for /app/data/gemtektechnologycoltd2546/262/b4057o3/gtk-device-ui-sky-262/js/materialize/materialize.js
2025-12-07 06:10:40,245 - Knowledge - INFO - process ingested knowledge for /app/data/gemtektechnologycoltd2546/262/b4057o3/gtk-device-ui-sky-262/js/action-control.js
2025-12-07 06:10:40,441 - Knowledge - INFO - process ingested knowledge for /app/data/gemtektechnologycoltd2546/262/b4057o3/gtk-device-ui-sky-262/index.html
2025-12-07 06:10:40,634 - Knowledge - INFO - process ingested knowledge for /app/data/gemtektechnologycoltd2546/262/b4057o3/gtk-device-ui-sky-262/pc-blocked.html
2025-12-07 06:10:41,320 - Knowledge - INFO - Knowledge creation complete
2025-12-07 06:10:41,503 - Knowledge - INFO - ==================================================
2025-12-07 06:10:41,721 - Knowledge - INFO - KNOWLEDGE GRAPH GENERATION PERFORMANCE SUMMARY
2025-12-07 06:10:41,916 - Knowledge - INFO - ==================================================
2025-12-07 06:10:42,108 - Knowledge - INFO - Total processing time: 218.25 seconds (3.64 minutes)
2025-12-07 06:10:42,287 - Knowledge - INFO - Files processed: 0
2025-12-07 06:10:42,503 - Knowledge - INFO - Processing rate: 0.00 files/second
2025-12-07 06:10:42,703 - Knowledge - INFO - 
[TIME_BREAKDOWN]
2025-12-07 06:10:42,930 - Knowledge - INFO - File Reading: 0.00s (0.0%)
2025-12-07 06:10:43,141 - Knowledge - INFO - LLM Processing: 1911.29s (875.7%)
2025-12-07 06:10:43,331 - Knowledge - INFO - MongoDB Operations: 0.00s (0.0%)
2025-12-07 06:10:43,541 - Knowledge - INFO - Redis Operations: 0.00s (0.0%)
2025-12-07 06:10:43,743 - Knowledge - INFO - WebSocket Communication: 7.59s (3.5%)
2025-12-07 06:10:43,901 - Knowledge - INFO - 
[LLM_STATS]
2025-12-07 06:10:44,075 - Knowledge - INFO - Total LLM calls: 56
2025-12-07 06:10:44,304 - Knowledge - INFO - Average LLM response time: 34130ms
2025-12-07 06:10:44,507 - Knowledge - INFO - Average prompt tokens: 8988.1
2025-12-07 06:10:44,696 - Knowledge - INFO - Average completion tokens: 647.6
2025-12-07 06:10:44,936 - Knowledge - INFO - Total prompt tokens: 503334
2025-12-07 06:10:45,154 - Knowledge - INFO - Total completion tokens: 36268
2025-12-07 06:10:45,392 - Knowledge - INFO - Total LLM cost: $0.0648
2025-12-07 06:10:45,579 - Knowledge - INFO - 
[DATABASE_STATS]
2025-12-07 06:10:45,795 - Knowledge - INFO - MongoDB operations: 0
2025-12-07 06:10:46,010 - Knowledge - INFO - Redis operations: 0
2025-12-07 06:10:46,202 - Knowledge - INFO - 
[COMMUNICATION_STATS]
2025-12-07 06:10:46,375 - Knowledge - INFO - WebSocket messages sent: 30
2025-12-07 06:10:46,587 - Knowledge - INFO - Average message size: 145.6 bytes
2025-12-07 06:10:46,809 - Knowledge - INFO - 
[WORKER_STATS]
2025-12-07 06:10:47,001 - Knowledge - INFO - 
[FILE_TYPE_STATS]
2025-12-07 06:10:47,200 - Knowledge - INFO - 
[SLOWEST_FILES]
2025-12-07 06:10:47,377 - Knowledge - INFO - ==================================================
2025-12-07 06:10:47,598 - Knowledge - INFO - ==================================================
2025-12-07 06:10:47,776 - Knowledge - INFO - KNOWLEDGE GRAPH GENERATION PERFORMANCE SUMMARY
2025-12-07 06:10:47,948 - Knowledge - INFO - ==================================================
2025-12-07 06:10:48,135 - Knowledge - INFO - Total processing time: 224.40 seconds (3.74 minutes)
2025-12-07 06:10:48,358 - Knowledge - INFO - Files processed: 327 of 393
2025-12-07 06:10:48,564 - Knowledge - INFO - Processing rate: 1.46 files/second
2025-12-07 06:10:48,760 - Knowledge - INFO - WebSocket messages sent: 15
2025-12-07 06:10:48,975 - Knowledge - INFO - MongoDB operations: 327
2025-12-07 06:10:49,194 - Knowledge - INFO - Average MongoDB ops per file: 1.00
2025-12-07 06:10:49,370 - Knowledge - INFO - LLM costs: $0.0648
2025-12-07 06:10:49,588 - Knowledge - INFO - Prompt tokens: 503334
2025-12-07 06:10:49,763 - Knowledge - INFO - Completion tokens: 36268
2025-12-07 06:10:49,960 - Knowledge - INFO - Updating org costs, total cost: 0.06484059999999998
2025-12-07 06:10:50,257 - Knowledge - INFO - [WEBSOCKET] Sent: Type=progress_update, Size: 269, Duration: 0ms
2025-12-07 06:10:50,488 - Knowledge - INFO - Saving knowledge to Redis...
2025-12-07 06:10:50,840 - Knowledge - INFO - Knowledge saved to Redis successfully
